название тура,slug,ссылка max,статус
13 городов Золотого Кольца России,13-gorodov-zolotogo-koltsa-rossii,https://max.ru/id230814735866_2_bot?startapp=173,
«Абхазия на Первомай: Погружение в природу и традиции»,abkhaziya-na-pervomaj-pogruzhenie-v-prirodu-i-traditsii,https://max.ru/id230814735866_2_bot?startapp=176,
Абрау — Новороссийск — Геленджик,abrau-novorossijsk-gelendzhik-1-den,https://max.ru/id230814735866_2_bot?startapp=80,
Абрау-Дюрсо по-новому и Геленджик,abrau-dyurso-po-novomu-gelendzhik,https://max.ru/id230814735866_2_bot?startapp=142,
Абрау-Дюрсо: винный день,abrau-dyurso-vinnyj-den,https://max.ru/id230814735866_2_bot?startapp=4,
Абрау-Дюрсо: эко-тропа и Шато-Пино,abrau-eko-tropa-shato-pino,https://max.ru/id230814735866_2_bot?startapp=81,
Абхазия на 3 дня,abhazia-3-dnya,https://max.ru/id230814735866_2_bot?startapp=12,
Адыгея: горы и термальные источники,adygeya-termy-weekend,https://max.ru/id230814735866_2_bot?startapp=11,
Архыз. Весна,arkhyz-vesna,https://max.ru/id230814735866_2_bot?startapp=185,
Архыз: горная перезагрузка,arkhyz-gornaya-perezagruzka,https://max.ru/id230814735866_2_bot?startapp=188,
Архыз: горный уикенд,arhyz-gornyj-weekend,https://max.ru/id230814735866_2_bot?startapp=7,
Беларусь: Путь Магнатов,belarus-put-magnatov-5-dnej,https://max.ru/id230814735866_2_bot?startapp=62,
Белорусская мозаика,belorusskaya-mozaika-1-den,https://max.ru/id230814735866_2_bot?startapp=64,
Белорусские каникулы,belorusskie-kanikuly-3-dnya,https://max.ru/id230814735866_2_bot?startapp=67,
Белые ночи Петербурга — 4 дня,peterburg-belye-nochi-4-dnya,https://max.ru/id230814735866_2_bot?startapp=50,
Блистательный Петербург — 3 дня,peterburg-blistatelnyj-3-dnya,https://max.ru/id230814735866_2_bot?startapp=49,
Большое путешествие в Беларусь,bolshoe-puteshestvie-v-belarus-8-dnej,https://max.ru/id230814735866_2_bot?startapp=59,
Великолепие Восточного Крыма: от Звездопада Воспоминаний до Алчак-Кая,velikolepie-vostochnogo-kryma-zvezdopad-alchak,https://max.ru/id230814735866_2_bot?startapp=146,
Верхняя Балкария и Чегемские водопады,verkhnyaya-balkariya-chegem,https://max.ru/id230814735866_2_bot?startapp=18,
"Весеннее цветение Крыма: тюльпаны, сады, пещерные города и дворцы",vesennee-czvetenie-kryma-2-dnya,https://max.ru/id230814735866_2_bot?startapp=105,тур в архиве
Весенние водопады Руфабго и Мишоко с конными прогулками,vodopady-rufabgo-mishoko-konnye,https://max.ru/id230814735866_2_bot?startapp=123,
Весенний Узбекистан: 7 дней от Ташкента до Самарканда,vesennij-uzbekistan-7-dnej,https://max.ru/id230814735866_2_bot?startapp=104,
Весна в Лаго-Наки: Свято-Михайловский монастырь и термальные источники,lago-naki-monastyr-termy-1-den,https://max.ru/id230814735866_2_bot?startapp=125,тур в архиве
Винная классика: три центра винного туризма,vinnaya-klassika-tri-centra-vinnogo-turizma-1-den,https://max.ru/id230814735866_2_bot?startapp=101,
"Винодельни Азовского моря: Поместье Голубицкое, Шато-Тамань и Тамань",vinodelni-azovskogo-morya-golubickoe-taman,https://max.ru/id230814735866_2_bot?startapp=117,
"Винодельни Азовского моря: Фанагория, Шато-Тамань и Тамань",fanagoriya-shato-taman-taman,https://max.ru/id230814735866_2_bot?startapp=151,
"Водопады Жане, Голубая бездна и вечер в Геленджике",vodopady-zhane-golubaya-bezdna-gelendzhik,https://max.ru/id230814735866_2_bot?startapp=138,
Водопады Лазаревского района,vodopady-lazarevskogo-rajona,https://max.ru/id230814735866_2_bot?startapp=147,тур в архиве
Водопады р. Жане — Голубая бездна — скала Парус,vodopady-zhane-golubaya-bezdna-parus,https://max.ru/id230814735866_2_bot?startapp=86,
"Вокруг Анапы и «Греция»: 800 ступеней, Кипарисовое озеро и Винное подворье Старого Грека",vokrug-anapy-800-stupenej-vinnyj-grek,https://max.ru/id230814735866_2_bot?startapp=148,
"Вокруг Анапы: 800 ступеней, Кипарисовое озеро и Абрау-Дюрсо",vokrug-anapy-800-stupenej-kiparisovoe-abrau,https://max.ru/id230814735866_2_bot?startapp=122,
Волгоград — город-герой,volgograd-gorod-geroj,https://max.ru/id230814735866_2_bot?startapp=21,
Всесвятское кладбище: тайны старого Краснодара,vsesvyatskoe-kladbishhe-ekskursiya,https://max.ru/id230814735866_2_bot?startapp=100,
Вся Беларусь за 7 дней,vsya-belarus-7-dnej,https://max.ru/id230814735866_2_bot?startapp=55,
"Геленджик: море, скалы и набережная",gelendzhik-more-i-skaly,https://max.ru/id230814735866_2_bot?startapp=2,
"Горный Дагестан за 4 дня: каньоны, аулы-призраки и водопады",gornyj-dagestan-4-dnya,https://max.ru/id230814735866_2_bot?startapp=114,
"Горный Дагестан за 4 дня: Сулакский каньон, язык Тролля, Хунзах, Гамсутль, Гуниб, Гоор",gornyj-dagestan-za-4-dnya-sulakskij-kanon-yazyk-trollya-khunzakh-gamsutl-gunib-goor,https://max.ru/id230814735866_2_bot?startapp=172,
Города Золотой Руси,goroda-zolotoj-rusi-5-dnej,https://max.ru/id230814735866_2_bot?startapp=69,
"Города, дворцы и усадьбы Беларуси",goroda-dvortsy-i-usadby-belarusi,https://max.ru/id230814735866_2_bot?startapp=182,тур в архиве
Горячий Ключ + вечерний Парк Галицкого,goryachij-klyuch-park-galitskogo,https://max.ru/id230814735866_2_bot?startapp=24,
Горячий ключ + цветущий парк Галицкого в Краснодаре,goryachij-klyuch-park-galitskogo-v-krasnodare-novye-lokatsii,https://max.ru/id230814735866_2_bot?startapp=168,тур в архиве
Горячий Ключ и капибары с альпаками на ферме,goryachij-klyuch-kapibary-i-alpaki-1-den,https://max.ru/id230814735866_2_bot?startapp=102,
Горячий ключ: канатная дорога «Дыхание гор» + ферма альпак и капибар,goryachij-klyuch-kanatnaya-doroga-dykhanie-gor-ferma-alpak-i-kapibar,https://max.ru/id230814735866_2_bot?startapp=174,
Гранд-тур по Белой Руси,grand-tur-po-beloj-rusi-10-dnej,https://max.ru/id230814735866_2_bot?startapp=65,
Грозный и Аргунское ущелье,groznyj-2-dnya,https://max.ru/id230814735866_2_bot?startapp=23,
"Грузия за 4 дня: Тбилиси, Кахетия и Мцхета",gruziya-4-dnya,https://max.ru/id230814735866_2_bot?startapp=97,
"Грузия за 5 дней: Тбилиси, каньон Дашбаши и Кахетия",gruziya-5-dnej-dashbashi,https://max.ru/id230814735866_2_bot?startapp=96,
"Грузия за 5 дней: Тбилиси, Кахетия и Мцхета",gruziya-5-dnej-tblisi-kahetiya,https://max.ru/id230814735866_2_bot?startapp=95,
Гуамское ущелье и термальные источники,guamka-termy-relaks,https://max.ru/id230814735866_2_bot?startapp=84,тур в архиве
Гуамское ущелье и термальные источники,guamskoe-ushchele-i-termalnye-istochniki-bogema,https://max.ru/id230814735866_2_bot?startapp=155,
Гузерипль — Лаго-Наки — Термальные источники,guzeripl-lago-naki-termy,https://max.ru/id230814735866_2_bot?startapp=82,
"Гузерипль: по «тропе леопарда», заповедник, термальный источник",guzeripl-po-trope-leoparda-zapovednik-termalnyj-istochnik,https://max.ru/id230814735866_2_bot?startapp=163,
"Дагестан: Дербент, Махачкала, Сулакский каньон, Гамсутль, Салтинский водопад",dagestan-derbent-makhachkala-sulakskij-kanon-gamsutl-saltinskij-vodopad,https://max.ru/id230814735866_2_bot?startapp=167,
Дагестан: Сулакский каньон и Дербент,dagestan-4-dnya,https://max.ru/id230814735866_2_bot?startapp=13,
Два озера — Два моря: тюльпаны и Генеральские пляжи,dva-ozera-dva-morya-tyulpany-generalskie,https://max.ru/id230814735866_2_bot?startapp=139,тур в архиве
Дворцы и парки Крыма за 1 день: парад тюльпанов,dvortsy-i-parki-kryma-za-1-den-parad-tyulpanov,https://max.ru/id230814735866_2_bot?startapp=181,тур в архиве
"Двухдневная красавица Осетия: Цейское ущелье, Город мёртвых и Кармадон",krasavica-osetiya-2-dnya,https://max.ru/id230814735866_2_bot?startapp=109,тур в архиве
"День в Крыму: Мрия, сакура и Ялта",krym-mriya-sakura-yalta-1-den,https://max.ru/id230814735866_2_bot?startapp=92,тур в архиве
День в походе по загадочной Шапсугской,pokhod-po-shapsugskoj-dolmeny-labirint,https://max.ru/id230814735866_2_bot?startapp=143,тур в архиве
Домбай: выходные в горах,dombay-weekend,https://max.ru/id230814735866_2_bot?startapp=8,
Дорогами Беларуси,dorogami-belarusi-3-dnya,https://max.ru/id230814735866_2_bot?startapp=57,
Ж/Д тур в Санкт-Петербург «все самое интересное»,zh-d-tur-v-sankt-peterburg-vse-samoe-interesnoe,https://max.ru/id230814735866_2_bot?startapp=183,тур в архиве
Заповедная Беларусь,zapovednaya-belarus-3-dnya,https://max.ru/id230814735866_2_bot?startapp=63,
"Затерянная Абхазия: города-призраки, водопад Великан, Новый Афон, Гагра, о. Рица",zateryannaya-abkhaziya-goroda-prizraki-vodopad-velikan-novyj-afon-gagra-o-ritsa,https://max.ru/id230814735866_2_bot?startapp=161,
Земля под белыми крыльями,zemlya-pod-belymi-krylyami-10-dnej,https://max.ru/id230814735866_2_bot?startapp=61,
Знакомство с Беларусью: вся Белоруссия за 9 дней,znakomstvo-s-belarusyu-9-dnej,https://max.ru/id230814735866_2_bot?startapp=112,
"Знакомьтесь, Беларусь!",znakomtes-belarus-3-dnya,https://max.ru/id230814735866_2_bot?startapp=58,
Золотая Казань,kazan-zolotaya-3-dnya,https://max.ru/id230814735866_2_bot?startapp=45,
Золотое кольцо за выходные,zolotoe-kolco-weekend-2-dnya,https://max.ru/id230814735866_2_bot?startapp=70,
Золотое кольцо: Царство Жар-птицы,zolotoe-kolco-zhar-ptitsa-3-dnya,https://max.ru/id230814735866_2_bot?startapp=71,
Золотой Казан и Красный город,kazan-i-yoshkar-ola-6-dnej,https://max.ru/id230814735866_2_bot?startapp=48,
Июньские праздники в Беларуси,iyunskie-prazdniki-v-belarusi-4-dnya,https://max.ru/id230814735866_2_bot?startapp=66,
"К зубрам, замкам и БелАЗам",belarus-k-zubram-zamkam-belazam,https://max.ru/id230814735866_2_bot?startapp=60,
КавМинВоды — 5 курортных городов за 1 день,kavminvody-5-gorodov,https://max.ru/id230814735866_2_bot?startapp=26,
"КавМинВоды: Пятигорск, Кисловодск, Железноводск, Ессентуки",kavminvody-pyatigorsk-kislovodsk-zheleznovodsk-essentuki,https://max.ru/id230814735866_2_bot?startapp=169,
Казань день за днём,kazan-den-za-dnyom-5-dnej,https://max.ru/id230814735866_2_bot?startapp=46,
Казань на выходные,kazan-na-vyhodnye,https://max.ru/id230814735866_2_bot?startapp=44,
Казань — сокровища Татарстана,kazan-sokrovishcha-tatarstana,https://max.ru/id230814735866_2_bot?startapp=30,
"Калининград: Куршская коса, Балтийск и янтарный берег",kaliningrad-zhd-avia-tur,https://max.ru/id230814735866_2_bot?startapp=115,
Калмыкия: буддийские храмы + цветение тюльпанов,kalmykiya-buddijskie-khramy-tsvetenie-tyulpanov,https://max.ru/id230814735866_2_bot?startapp=175,тур в архиве
Классический Петербург — 7 дней,peterburg-klassicheskij-7-dnej,https://max.ru/id230814735866_2_bot?startapp=32,
Красивейший видовой тур по смотровым Лаго-Наки,krasivejshie-smotrovye-lago-naki-1-den,https://max.ru/id230814735866_2_bot?startapp=103,
Краснодар: история и секреты города,krasnodar-istoricheskij-centr-ekskursiya,https://max.ru/id230814735866_2_bot?startapp=98,
"Крым за 1 день: Феодосия, Судак, Старый Крым",krym-za-1-den-feodosiya-sudak-staryj-krym,https://max.ru/id230814735866_2_bot?startapp=178,тур в архиве
Крым: большое путешествие на 5 дней,krym-bolshoe-puteshestvie,https://max.ru/id230814735866_2_bot?startapp=15,
Крым: Новый Свет — Феодосия — Мрия,krym-novyj-svet-mriya-2-dnya,https://max.ru/id230814735866_2_bot?startapp=93,
"Крым: парад тюльпанов и цветение сакуры: Ялта, Утёс, Форос, Бахчисарай",krym-parad-tyulpanov-i-tsvetenie-sakury-yalta-utjos-foros-bakhchisaraj,https://max.ru/id230814735866_2_bot?startapp=179,тур в архиве
Крым: Фестиваль сакуры в Мрие и дворцы ЮБК,krym-mriya-dvorcy-jubk-2-dnya,https://max.ru/id230814735866_2_bot?startapp=94,тур в архиве
"Крым: ЮБК, Новый Херсонес и Севастополь",krym-jubk-novyj-hersones-sevastopol,https://max.ru/id230814735866_2_bot?startapp=91,
"Кубанская лоза: Лефкадия, винодельня «Мысхако» и вечер в Абрау",kubanskaya-loza-lefkadiya-myshako-abrau,https://max.ru/id230814735866_2_bot?startapp=118,тур в архиве
"Ледовое шоу Ильи Авербуха ""Чемпионы"" + цветущий парк Галицкого",ledovoe-shou-ili-averbukha-chempiony-tsvetushchij-park-galitskogo,https://max.ru/id230814735866_2_bot?startapp=180,тур в архиве
Летний Петербург — 6 дней,peterburg-letnij-6-dnej,https://max.ru/id230814735866_2_bot?startapp=34,
Лефкадия — Старый Парк — Шато-Пино,lefkadiya-staryj-park-shato-pino,https://max.ru/id230814735866_2_bot?startapp=85,
"Лучшая весна в Грузии и Армении: 7 дней, две страны",gruziya-i-armeniya-7-dnej,https://max.ru/id230814735866_2_bot?startapp=113,
Малое Золотое кольцо России,maloe-zolotoe-kolco-4-dnya,https://max.ru/id230814735866_2_bot?startapp=68,
"Маршрут ВелоSea: Голубая бухта, смотровые и Геленджик",velosea-golubaya-buhta-gelendzhik,https://max.ru/id230814735866_2_bot?startapp=133,
Мезмай: Орлиная полка и Верхнекурджипское ущелье,mezmaj-orlinaya-polka-verhnekurdzhipskoe,https://max.ru/id230814735866_2_bot?startapp=134,
"Мезмай: Орлиная полка, Гуамское ущелье и термальные источники",mezmaj-orlinaya-polka-guamskoe-termy,https://max.ru/id230814735866_2_bot?startapp=119,
"Морской вояж: Голубая бездна, скала Парус, Геленджик",morskoj-voyazh-golubaya-bezdna-parus-gelendzhik,https://max.ru/id230814735866_2_bot?startapp=152,
Москва день за днём,moskva-den-za-dnyom-5-dnej,https://max.ru/id230814735866_2_bot?startapp=40,
Москва на выходные,moskva-na-vyhodnye,https://max.ru/id230814735866_2_bot?startapp=38,
Москва — столичные выходные,moskva-stolichnye-vyhodnye,https://max.ru/id230814735866_2_bot?startapp=29,
Московская история за 7 дней,moskovskaya-istoriya-7-dnej,https://max.ru/id230814735866_2_bot?startapp=41,
Московский калейдоскоп,moskva-kalejdoskop-5-dnej,https://max.ru/id230814735866_2_bot?startapp=39,
"Новый свет, Судак, Феодосия (музей Айвазовского)",novyj-svet-sudak-feodosiya-muzej-ajvazovskogo,https://max.ru/id230814735866_2_bot?startapp=162,
От ущелий до Эльбруса: Кабардино-Балкария,ot-ushchelij-do-elbrusa-kabardino-balkariya,https://max.ru/id230814735866_2_bot?startapp=160,тур в архиве
Парад тюльпанов в Крыму и дворцы ЮБК,parad-tyulpanov-krym-dvorcy-2-dnya,https://max.ru/id230814735866_2_bot?startapp=110,
Парад тюльпанов и Новый Херсонес,parad-tyulpanov-novyj-hersones-1-den,https://max.ru/id230814735866_2_bot?startapp=137,тур в архиве
Парк Краснодар и Парк Облаков: экскурсия с гидом,park-krasnodar-oblakov-ekskursiya,https://max.ru/id230814735866_2_bot?startapp=99,
Парк Лога — сказочный парк у Каменска,park-loga-1-den,https://max.ru/id230814735866_2_bot?startapp=20,
Пасха в Абхазии: весна в стране души,pasha-v-abhazii-2-dnya,https://max.ru/id230814735866_2_bot?startapp=106,
"Пасха в Атамани: казачьи традиции, Тамань и Лермонтов",pasha-v-atamani-1-den,https://max.ru/id230814735866_2_bot?startapp=132,
Пасха в Свято-Михайловском мужском монастыре,pasha-svyato-mihajlovskij-monastyr-1-den,https://max.ru/id230814735866_2_bot?startapp=136,тур в архиве
Первомай в Домбае: величие гор,pervomaj-v-dombae-velichie-gor,https://max.ru/id230814735866_2_bot?startapp=187,тур в архиве
Петербург и Валаам на метеоре — 5 дней,peterburg-i-valaam-5-dnej,https://max.ru/id230814735866_2_bot?startapp=53,
Петербург и Выборг — 5 дней,peterburg-i-vyborg-5-dnej,https://max.ru/id230814735866_2_bot?startapp=52,
Петербург на выходные,peterburg-na-vyhodnye,https://max.ru/id230814735866_2_bot?startapp=31,
Петербург — Выборг — Карелия,peterburg-vyborg-kareliya-6-dnej,https://max.ru/id230814735866_2_bot?startapp=54,
Петербург — ночные мосты и Павловск,peterburg-razvodye-mostov-5-dnej,https://max.ru/id230814735866_2_bot?startapp=51,
Петербург — от Петра до небоскрёба,peterburg-ot-petra-do-neboskreba,https://max.ru/id230814735866_2_bot?startapp=33,
Петербургские истории с Выборгом — 7 дней,peterburg-istorii-vyborg-7-dnej,https://max.ru/id230814735866_2_bot?startapp=36,
Планческие скалы и конная ферма «Владимировка»,plancheskie-skaly-konnaya-ferma-vladimirovka,https://max.ru/id230814735866_2_bot?startapp=144,
Плато Бермамыт и Джилы-Су,bermamyt-dzhily-su,https://max.ru/id230814735866_2_bot?startapp=19,
Плато Лаго-Наки и Азишская пещера,lago-naki-1-den,https://max.ru/id230814735866_2_bot?startapp=1,
"По водопадам Мезмая: Темнолесье, Университетский и Чинарёв",vodopady-mezmaya-temnolesye,https://max.ru/id230814735866_2_bot?startapp=126,
"По смотровым местам Лаго-Наки: Крепость Меот, Азишская пещера",smotrovye-lago-naki-krepost-meot-azishskaya-peshchera,https://max.ru/id230814735866_2_bot?startapp=156,
"Погружение в горную Адыгею: Даховская панорама, Парящая беседка, Крепости Меот, спа-комплекс «Благодать»",pogruzhenie-v-gornuyu-adygeyu-dakhovskaya-panorama-paryashchaya-besedka-kreposti-meot-spa-kompleks-blagodat,https://max.ru/id230814735866_2_bot?startapp=171,
Покажите нам Москву,moskva-pokazhite-nam-4-dnya,https://max.ru/id230814735866_2_bot?startapp=42,
Поместье Голубицкое — Анапа — Супсех,golubickoe-anapa-supsex,https://max.ru/id230814735866_2_bot?startapp=83,
Портрет великого города — осень и зима,peterburg-portret-velikogo-goroda,https://max.ru/id230814735866_2_bot?startapp=35,
Путешествие в Чечню: Грозный и озеро Казеной-Ам,puteshestvie-v-chechnyu-groznyj-kazenoj-am,https://max.ru/id230814735866_2_bot?startapp=159,
Пятигорск и Кисловодск за 1 день,pyatigorsk-kislovodsk-1-den,https://max.ru/id230814735866_2_bot?startapp=5,
"Рассвет на Ай-Петри, парад тюльпанов и дворцы Крыма",rassvet-aj-petri-parad-tyulpanov-dvorcy,https://max.ru/id230814735866_2_bot?startapp=127,тур в архиве
Рафтинг и весна в Лаго-Наки,rafting-vesna-lago-naki,https://max.ru/id230814735866_2_bot?startapp=128,
Релакс-тур: замок Шато де Талю и Геленджик,relaks-shato-de-talyu-gelendzhik,https://max.ru/id230814735866_2_bot?startapp=135,
Родители с детьми в Петербурге — 7 дней,peterburg-roditeli-s-detmi-7-dnej,https://max.ru/id230814735866_2_bot?startapp=37,
"Самая красивая дорога России: Джилы-Су, Чегем и подножие Эльбруса",krasivaya-doroga-rossii-i-chegem-2-dnya,https://max.ru/id230814735866_2_bot?startapp=107,
Санкт-Петербург и Карелия за 9 дней,spb-kareliya-9-dnej,https://max.ru/id230814735866_2_bot?startapp=90,
Санкт-Петербург — шедевры Северной столицы,peterburg-shedevry-severnoj-stolicy,https://max.ru/id230814735866_2_bot?startapp=27,
Свято-Михайловский монастырь и термальный спа-комплекс «Благодать»,svyato-mikhajlovskij-monastyr-i-termalnyj-spa-kompleks-blagodat,https://max.ru/id230814735866_2_bot?startapp=170,
"Свято-Михайловский Монастырь, гора Физиабго и ущелье Мишоко",svyato-mikhajlovskij-monastyr-gora-fiziabgo-i-ushchele-mishoko,https://max.ru/id230814735866_2_bot?startapp=177,
Северная Осетия на выходные,severnaya-osetiya-weekend,https://max.ru/id230814735866_2_bot?startapp=10,тур в архиве
Северная Осетия — полное погружение,severnaya-osetiya-polnoe-pogruzhenie,https://max.ru/id230814735866_2_bot?startapp=158,
Семейные каникулы в Петербурге,peterburg-semejnye-kanikuly,https://max.ru/id230814735866_2_bot?startapp=28,
"Сказочное побережье: Старый Парк, Шато-Пино и Абрау-Дюрсо",skazochnoe-poberezhe-staryj-park-shato-pino-abrau,https://max.ru/id230814735866_2_bot?startapp=120,
"Скала Чёртов Палец, Савранская канатная дорога и Лаго-Наки",chertov-palec-savranskaya-kanatnaya-lago-naki,https://max.ru/id230814735866_2_bot?startapp=140,тур в архиве
Сокровища Грузии: от винных подвалов до древних храмов,sokrovishcha-gruzii-ot-vinnykh-podvalov-do-drevnikh-khramov,https://max.ru/id230814735866_2_bot?startapp=165,
Солнечная Грузия: большой тур от Тбилиси до Батуми за 9 дней,solnechnaya-gruziya-bolshoj-tur-9-dnej,https://max.ru/id230814735866_2_bot?startapp=116,
Сочи + Абхазия из Ростова,sochi-abhazia-4-dnya,https://max.ru/id230814735866_2_bot?startapp=16,
Сочи на выходные,sochi-na-vyhodnye,https://max.ru/id230814735866_2_bot?startapp=25,тур в архиве
Стамбул Лайт: 5 дней с сопровождающим,stambul-lajt-5-dnej,https://max.ru/id230814735866_2_bot?startapp=88,
Стамбул: влюбиться за 5 дней,stambul-5-dnej-s-gidom,https://max.ru/id230814735866_2_bot?startapp=89,
Татарстан на 100 процентов,tatarstan-na-100-procentov,https://max.ru/id230814735866_2_bot?startapp=47,
Термальные источники «Водная Ривьера» и «Питейный дом» в Майкопе,termalnye-istochniki-vodnaya-rivera-pitejnyj-dom,https://max.ru/id230814735866_2_bot?startapp=145,тур в архиве
Термальные источники Адыгеи за 1 день,termy-adygei-1-den,https://max.ru/id230814735866_2_bot?startapp=17,тур в архиве
Тешебские водопады и музей «Хлеба и Вина» в Архипо-Осиповке,teshebskie-vodopady-muzej-hleba-i-vina,https://max.ru/id230814735866_2_bot?startapp=124,
"Три столицы Поволжья: Астрахань, Волгоград, Элиста",tri-stolitsy-povolzhya-astrakhan-volgograd-elista,https://max.ru/id230814735866_2_bot?startapp=184,
"Тур-восторг: Шато-Пино, смотровые, Старый Парк, Геленджик",tur-vostorg-shato-pino-staryj-park-gelendzhik,https://max.ru/id230814735866_2_bot?startapp=153,
Тюльпаны и пионы Крыма,tyulpany-i-piony-kryma,https://max.ru/id230814735866_2_bot?startapp=149,тур в архиве
"Тюльпаны мыса Опук, Кояшское озеро и Керчь",tyulpany-mysa-opuk-koyashskoe-kerch,https://max.ru/id230814735866_2_bot?startapp=129,тур в архиве
Тюльпаны Ростовского заповедника и эко-тропы,tyulpany-rostovskogo-zapovednika-eko-tropy,https://max.ru/id230814735866_2_bot?startapp=130,тур в архиве
"Улетный тур в Адыгею: рафтинг по реке Белой, конные прогулки, воздушные шары",uletnyj-tur-v-adygeyu-rafting-po-reke-beloj-konnye-progulki-vozdushnye-shary,https://max.ru/id230814735866_2_bot?startapp=166,
"Фестиваль тюльпанов в Калмыкии: Страна Бумба, степи и барханы",festival-tyulpanov-kalmykiya-2-dnya,https://max.ru/id230814735866_2_bot?startapp=108,тур в архиве
"Фестиваль тюльпанов в Калмыкии: Элиста, хурулы и степные тюльпаны",festival-tyulpanov-kalmykiya-1-den,https://max.ru/id230814735866_2_bot?startapp=121,тур в архиве
Цветущий Краснодар: парк Галицкого и Японский сад,tsvetushchij-krasnodar-park-galitskogo-yaponskij-sad,https://max.ru/id230814735866_2_bot?startapp=157,
Чарующая Беларусь,charuyushchaya-belarus-5-dnej,https://max.ru/id230814735866_2_bot?startapp=56,
Чегем и Язык тролля с красавицей Верхней Балкарией,chegem-yazyk-trollya-verhnyaya-balkariya-2-dnya,https://max.ru/id230814735866_2_bot?startapp=111,
Чегем: открытие сезона,chegem-otkrytie-sezona,https://max.ru/id230814735866_2_bot?startapp=186,
Чегем: полеты и водопады + замок Шато Эркен,chegem-polety-i-vodopady-zamok-shato-erken,https://max.ru/id230814735866_2_bot?startapp=189,
Чечня и Северная Осетия за 4 дня,chechnya-osetiya-4-dnya,https://max.ru/id230814735866_2_bot?startapp=14,
"Чечня, Ингушетия, Северная Осетия",3-respubliki-kavkaza-severnaya-osetiya-ingushetiya-i-chechnya,https://max.ru/id230814735866_2_bot?startapp=164,
Шато де Талю — Геленджик — Старый Парк,shato-de-talyu-gelendzhik-staryj-park,https://max.ru/id230814735866_2_bot?startapp=87,
Элиста и степи Калмыкии,elista-kalmykiya-1-den,https://max.ru/id230814735866_2_bot?startapp=22,тур в архиве
Эльбрус и Чегемские водопады,elbrus-i-chegem,https://max.ru/id230814735866_2_bot?startapp=9,
"Эстетика и волшебство: Шато-Андре, усадьба Семигорье и Абрау",shato-andre-semigorye-abrau,https://max.ru/id230814735866_2_bot?startapp=150,тур в архиве
"Юго-Восточное побережье Крыма: Судак, Новый Свет и Феодосия",yugo-vostochnoe-poberezhe-kryma-sudak-novyj-svet,https://max.ru/id230814735866_2_bot?startapp=131,
Я шагаю по Москве,moskva-ya-shagayu-6-dnej,https://max.ru/id230814735866_2_bot?startapp=43,
Язык тролля и Красавица Верхняя Балкария,yazyk-trollya-verhnyaya-balkariya-1-den,https://max.ru/id230814735866_2_bot?startapp=141,
