собраны фото да нет,Kod,Nash tur,Slug,Dnej,Operator,Ssylka operatora,Foto 1,Foto 2,Foto 3,Foto 4,Foto 5,Foto 6,Foto 7,Foto 8,Foto 9,Foto 10,Foto 11,Foto 12,Foto 13,Foto 14,Foto 15,Foto 16,Foto 17,Foto 18,Foto 19,Foto 20,Foto 21,Foto 22,Foto 23,Foto 24,Foto 25,Foto 26,Foto 27,Foto 28,Foto 29,Foto 30,Foto 31,Foto 32,Foto 33,Foto 34,Foto 35,Foto 36,Foto 37,Foto 38,Foto 39,Foto 40,Foto 41
да,1001,Абрау — Новороссийск — Геленджик,abrau-novorossijsk-gelendzhik-1-den,1,Amra Turistik,https://amra-turistik.ru/tours/lyubimaya-klassika-ot-abrau-do-gelendzhika-3/,Набережная Геленджика,Абрау-Дюрсо,Малая Земля,Старый Парк в Кабардинке,Абрау — Новороссийск,,,,,,,,,,,,,,,,,,,,,,,,,,,,,,,,,,,,
да ,1002,Абрау-Дюрсо по-новому и Геленджик,abrau-dyurso-po-novomu-gelendzhik,1,Amra Turistik,https://amra-turistik.ru/tours/abrau-dyurso-po-novomu-i-shato-pino-4,Набережная Геленджика,Завод шампанских вин «Абрау-Дюрсо»,Эко-тропа вокруг озера Абрау — 7 км,Абрау-Дюрсо по-новому,Абрау-Дюрсо (эко-тропа) — Геленджик,,,,,,,,,,,,,,,,,,,,,,,,,,,,,,,,,,,,
да ,1003,Абрау-Дюрсо: винный день,abrau-dyurso-vinnyj-den,1,Amra Turistik,https://amra-turistik.ru/tours/abrau-dyurso-po-novomu-i-shato-pino-2/,Абрау-Дюрсо,Озеро Абрау,,,,,,,,,,,,,,,,,,,,,,,,,,,,,,,,,,,,,,,
да ,1004,Абрау-Дюрсо: эко-тропа и Шато-Пино,abrau-eko-tropa-shato-pino,1,Amra Turistik,https://amra-turistik.ru/tours/abrau-dyurso-po-novomu-i-shato-pino-2/,Абрау-Дюрсо,Геленджик,Эко-тропа вокруг озера Абрау,Шато-Пино,Малая группа,Горы Колдун,Бесплатно,,,,,,,,,,,,,,,,,,,,,,,,,,,,,,,,,,
да ,1005,Абхазия на 3 дня,abhazia-3-dnya,3,Amra Turistik,https://amra-turistik.ru/tours/pervomajskie-prazdniki-v-abhazii,Абхазия,Озеро Рица,Новоафонская пещера,Девичьи слёзы,Мужские слёзы,Юпшарский каньон,Новоафонский монастырь,Анакопийская крепость,Новый Афон,Юпшарское ущелье,Генуэзская башня,Гагра,Пицунда,,,,,,,,,,,,,,,,,,,,,,,,,,,,
да ,1006,Адыгея: горы и термальные источники,adygeya-termy-weekend,2,Amra Turistik,https://amra-turistik.ru/tours/relaks-tur-guamskoe-ushhele-i-termalnye-istochniki-42,Адыгея,Лаго-Наки,Термальные источники,Водопады Руфабго,Каскадный,Сердце Руфабго,Девичья коса,Река Белая,Парк Мишоко,Хаджохская теснина,Плато Лаго,Азишская пещера,Термы,,,,,,,,,,,,,,,,,,,,,,,,,,,,
да ,1007,Архыз: горный уикенд,arhyz-gornyj-weekend,2,Amra Turistik,https://amra-turistik.ru/tours/vesna-v-gorah-arhyza-dzhip-den-3,Нижний Архыз,Софийские водопады,,,,,,,,,,,,,,,,,,,,,,,,,,,,,,,,,,,,,,,
да ,1008,Великолепие Восточного Крыма: от Звездопада Воспоминаний до Алчак-Кая,velikolepie-vostochnogo-kryma-zvezdopad-alchak,1,Amra Turistik,https://amra-turistik.ru/tours/velikolepie-vostochnogo-kryma-ot-zvezdopada-vospominanij-do-alchak-kaya-14,Секретная бухта мыса Бугаз,Статуи Моаи в бухте Капсель,Звездопад Воспоминаний — Бугаз,Джан-Кутаран,Алчак-Кая,Горы Джан,Мыс Бугаз,Мыс Алчак,Гора Джан,,,,,,,,,,,,,,,,,,,,,,,,,,,,,,,,
да ,1009,Верхняя Балкария и Чегемские водопады,verkhnyaya-balkariya-chegem,1,Amra Turistik,https://amra-turistik.ru/tours/chegem-i-yazyk-trollya-s-krasaviczej-verhnej-balkariej-14,Приэльбрусье,Язык тролля,Чегемские водопады,Верхняя Балкария,,,,,,,,,,,,,,,,,,,,,,,,,,,,,,,,,,,,,
да ,1010,"Весеннее цветение Крыма: тюльпаны, сады, пещерные города и дворцы",vesennee-czvetenie-kryma-2-dnya,2,Amra Turistik,https://amra-turistik.ru/tours/vesennee-czvetenie-kryma-tyulpany-sady-peshhernye-goroda-i-dvorczy-2,Парад тюльпанов в Никитском саду,Пещерный город Мангуп-Кале,Бахчисарай и Ханский дворец,Морская прогулка к Ласточкину гнезду,Цветущие персиковые сады,Чуфут-Кале,Успенский монастырь,Аю-Даг,Крымский мост,Свято-Успенский,Гурзуф — Никитский сад,Мангуп-Кале — Бахчисарай,,,,,,,,,,,,,,,,,,,,,,,,,,,,,
да ,1011,Весенние водопады Руфабго и Мишоко с конными прогулками,vodopady-rufabgo-mishoko-konnye,1,Amra Turistik,https://amra-turistik.ru/tours/vodopady-rufabgo-i-mishoko-vodopady-i-konnye-progulki-4,Адыгея,Водопад «Сердце Руфабго»,Пещера «Сквозная»,Конная прогулка в ущелье Мишоко,Каскадный,Девичья коса,Весенние водопады Руфабго,Мишоко с конными прогулками,,,,,,,,,,,,,,,,,,,,,,,,,,,,,,,,,
да ,1012,Весенний Узбекистан: 7 дней от Ташкента до Самарканда,vesennij-uzbekistan-7-dnej,7,Amra Turistik,https://amra-turistik.ru/tours/vesennij-uzbekistan-2,Узбекистан,Ичан-Кала в Хиве,Площадь Регистан в Самарканде,Скоростной поезд «Афросиаб»,Бухара,Базары Великого Шёлкового пути,Аладдине,Лаби-Хауз,Гур-Эмир,Комплекс Лаби,Хива,Чор-Минор,Чор-Су,Комплекс Хасты,Площадь Мустакиллик,Ичан-Кале,Куня-Арк,Ислам-Ходжи,Комплекс Пахлавана,Крепость Куня,Таш-Хаули,Мечеть Джума,Мечеть Хивы,Магоки-Аттор,Мечеть Магоки,Мечеть Калян,Шахи-Зинда,Мечеть Биби,Обсерватория Улугбека,Базар Самарканда,Прилёт в Ташкент,Вылет из Самарканда,,,,,,,,,
да ,1013,Весна в Лаго-Наки: Свято-Михайловский монастырь и термальные источники,lago-naki-monastyr-termy-1-den,1,Amra Turistik,https://amra-turistik.ru/tours/vesna-v-lago-naki-monastyr-termalnye-istochniki,Плато Лаго-Наки,Адыгея,Свято-Михайловский монастырь — Лаго-Наки,Термальные источники,Водная Ривьера,Скала Утюг,Азишская пещера,,,,,,,,,,,,,,,,,,,,,,,,,,,,,,,,,,
да ,1014,Винная классика: три центра винного туризма,vinnaya-klassika-tri-centra-vinnogo-turizma-1-den,1,Amra Turistik,https://amra-turistik.ru/tours/vinnaya-klassika-tri-czentra-vinnogo-turizma-6,Абрау-Дюрсо,Геленджик,Долина Лефкадия,Шато-Пино,Ликурия,Горы Колдун,Озеро Абрау,Озеро Краснодарского,Краснодар — Лефкадия,,,,,,,,,,,,,,,,,,,,,,,,,,,,,,,,
да ,1015,"Винодельни Азовского моря: Поместье Голубицкое, Шато-Тамань и Тамань",vinodelni-azovskogo-morya-golubickoe-taman,1,Amra Turistik,https://amra-turistik.ru/tours/vinodelni-azovskogo-morya-pomeste-golubiczkoe-shato-taman-i-progulka-po-tamani-5,Краснодарский край,Абрау-Дюрсо,Поместье Голубицкое — Chateau Tamagne,Chateau Tamagne,Прогулка по Тамани,Тамань,,,,,,,,,,,,,,,,,,,,,,,,,,,,,,,,,,,
да ,1016,"Винодельни Азовского моря: Фанагория, Шато-Тамань и Тамань",fanagoriya-shato-taman-taman,1,Amra Turistik,https://amra-turistik.ru/tours/vinodelni-azovskogo-morya-fanagoriya-shato-taman-i-progulka-po-tamani-2,Краснодарский край,Фанагория — Азовское море,Chateau Tamagne,Тамань,,,,,,,,,,,,,,,,,,,,,,,,,,,,,,,,,,,,,
да ,1017,"Водопады Жане, Голубая бездна и вечер в Геленджике",vodopady-zhane-golubaya-bezdna-gelendzhik,1,Amra Turistik,https://amra-turistik.ru/tours/vodopady-i-dolmeny-r-zhane-golubaya-bezdna-i-romantichnyj-vecher-v-gelendzhike,Геленджик,"Водопады Жане, Голубая бездна",Водопады Жане — Голубая бездна,,,,,,,,,,,,,,,,,,,,,,,,,,,,,,,,,,,,,,
да ,1018,Водопады Лазаревского района,vodopady-lazarevskogo-rajona,1,Amra Turistik,https://amra-turistik.ru/tours/vodopady-lazarevskogo-rajona-9,Краснодарский край,Водопад Псыдах,Водопад Шапсуг,Долина Аше — Мамедово ущелье,Подвесные мосты,Голова Мамеда,Борода Мамеда,Мамедова купель,Целитель,Пещера Ведьм,Водопады Псыдах,,,,,,,,,,,,,,,,,,,,,,,,,,,,,,
да ,1019,Водопады р. Жане — Голубая бездна — скала Парус,vodopady-zhane-golubaya-bezdna-parus,1,Amra Turistik,https://amra-turistik.ru/tours/vodopady-i-dolmeny-r-zhane-golubaya-bezdna-skala-parus-13/,Геленджик,Водопады р. Жане — Голубая бездна,Водопады Жане — Голубая бездна,Скала Парус,,,,,,,,,,,,,,,,,,,,,,,,,,,,,,,,,,,,,
да ,1020,"Вокруг Анапы и «Греция»: 800 ступеней, Кипарисовое озеро и Винное подворье Старого Грека",vokrug-anapy-800-stupenej-vinnyj-grek,1,Amra Turistik,https://amra-turistik.ru/tours/vokrug-anapy-i-grecziya-i-800-stupenej-lastochkiny-gnezda-kiparisovoe-ozero-vinnoe-podvore-starogo-greka-2,Краснодарский край,800 ступеней и «край Земли» в Супсехе,Кипарисовое озеро Сукко,Винное подворье Старого Грека,Панорама от Анапы до Новороссийска,Гора Лысая,Витязево,Вокруг Анапы,Супсех (800 ступеней) — Кипарисовое озеро,,,,,,,,,,,,,,,,,,,,,,,,,,,,,,,,
да ,1021,"Вокруг Анапы: 800 ступеней, Кипарисовое озеро и Абрау-Дюрсо",vokrug-anapy-800-stupenej-kiparisovoe-abrau,1,Amra Turistik,https://amra-turistik.ru/tours/vokrug-anapy-i-abrau-800-stupenej-lastochkiny-gnezda-kiparisovoe-ozero-vecher-v-abrau,Закат в Абрау-Дюрсо,Краснодарский край,800 ступеней и Ласточкины гнёзда,Супсех (800 ступеней) — Кипарисовое озеро,Скала Ласточкины,Супсех,,,,,,,,,,,,,,,,,,,,,,,,,,,,,,,,,,,
да ,1022,Волгоград — город-герой,volgograd-gorod-geroj,2,Amra Turistik,https://amra-turistik.ru/tours/po-gorodam-povolzhya-volgograd-ulyanovsk-kazan-nizhnij-novgorodvladimir,Волгоград,Мамаев курган и Родина-мать,Панорама Сталинградской битвы,Набережная Волги,Родина-мать зовёт,Сталинградская битва,Старая Сарепта,Храм Всех,Донской канал,Стоять насмерть,Площадь Скорби,Площадь Павших,Город,,,,,,,,,,,,,,,,,,,,,,,,,,,,
да ,1023,Всесвятское кладбище: тайны старого Краснодара,vsesvyatskoe-kladbishhe-ekskursiya,1,Amra Turistik,https://amra-turistik.ru/tours/nazad-v-proshloe-kakie-tajny-hranit-vsesvyatskoe-kladbishhe-4,Старейшее кладбище Краснодара с 1830 года,Склепы XIX века,История города через судьбы людей,Экскурсия,Кочующие монументы,Всесвятское кладбище,,,,,,,,,,,,,,,,,,,,,,,,,,,,,,,,,,,
да ,1024,"Геленджик: море, скалы и набережная",gelendzhik-more-i-skaly,1,Amra Turistik,https://amra-turistik.ru/tours/lyubimaya-klassika-ot-abrau-do-gelendzhika-3/,Набережная Геленджика,Скала Парус,,,,,,,,,,,,,,,,,,,,,,,,,,,,,,,,,,,,,,,
да ,1025,"Горный Дагестан за 4 дня: каньоны, аулы-призраки и водопады",gornyj-dagestan-4-dnya,4,Amra Turistik,https://amra-turistik.ru/tours/gornyj-dagestan-za-4-dnya,Горный Дагестан,Гамсутль,Салтинский подземный водопад,Карадахская теснина — «Ворота чудес»,Водопад Тобот на Хунзахском плато,Сулакский каньон на катере,Каменная чаша,Нохъо,Плато Матлас,Хунзахское плато,База,Старый Гоор,Село Гуниб,Гунибская крепость,Салтинская теснина — Карадахская теснина,Село Хунзах,Матласский водопад,,,,,,,,,,,,,,,,,,,,,,,,
да ,1026,Горячий Ключ + вечерний Парк Галицкого,goryachij-klyuch-park-galitskogo,1,Amra Turistik,https://amra-turistik.ru/tours/goryachij-klyuch-i-kapibary-i-alpaki-na-ferme-10,Дантово ущелье,Горячий Ключ + Парк Галицкого,,,,,,,,,,,,,,,,,,,,,,,,,,,,,,,,,,,,,,,
да ,1027,Горячий Ключ и капибары с альпаками на ферме,goryachij-klyuch-kapibary-i-alpaki-1-den,1,Amra Turistik,https://amra-turistik.ru/tours/goryachij-klyuch-i-kapibary-i-alpaki-na-ferme-10,Краснодар — Горячий Ключ,Дантово ущелье,Скала Петушок,,,,,,,,,,,,,,,,,,,,,,,,,,,,,,,,,,,,,,
да ,1028,Грозный и Аргунское ущелье,groznyj-2-dnya,2,Amra Turistik,https://amra-turistik.ru/tours/priglashaem-vas-v-chechnyu-21,Чечня,Мечеть «Сердце Чечни»,Грозный-Сити,Ушкалойские башни,Чанты-Аргун,Храм Архангела,Комплекс Пхакоч,Аргунское ущелье,Нихалойские водопады,,,,,,,,,,,,,,,,,,,,,,,,,,,,,,,,
да ,1029,"Грузия за 4 дня: Тбилиси, Кахетия и Мцхета",gruziya-4-dnya,4,Amra Turistik,https://amra-turistik.ru/tours/solnechnyj-maya-v-gruzii,Грузия,Военно-Грузинская дорога — Тбилиси,Кахетия,Мцхета,Военно-Грузинская,Замок Ананури,Храм Метехи,Площадь Европы,Парк Рико,Крепость Нарикала,Мост Мира,Проспект Руставелли,Монастырь Бодбе,Святой Нино,,,,,,,,,,,,,,,,,,,,,,,,,,,
да ,1030,"Грузия за 5 дней: Тбилиси, Кахетия и Мцхета",gruziya-5-dnej-tblisi-kahetiya,5,Amra Turistik,https://amra-turistik.ru/tours/edem-v-gruziyu-na-pyat-dnej-4,Грузия,Дорога. Военно-Грузинская дорога — Тбилиси,Крепость Нарикала и Тбилиси,Кахетия,Мцхета — «Второй Иерусалим»,Отель в Старом городе,Замок Ананури,Храм Метехи,Площадь Европы,Парк Рико,Мост Мира,Монастырь Бодбе,Монастырь Джвари,Монастырь Самтавро,Комплекс Шиомгвиме,Святой Нино,Верхний Ларс,Улица Руставелли,Село Бидаури,Тбилиси с гидом,,,,,,,,,,,,,,,,,,,,,
да ,1031,"Грузия за 5 дней: Тбилиси, каньон Дашбаши и Кахетия",gruziya-5-dnej-dashbashi,5,Amra Turistik,https://amra-turistik.ru/tours/edem-v-gruziyu-na-pyat-dnej-3,Грузия,Каньон Дашбаши,Тбилиси с лицензированным гидом,Кахетия,Военно-Грузинская дорога — Тбилиси,Замок Ананури,Мост Мира,Проспект Руставелли,Парк Мтацминда,Село Бидаури,Монастырь Джвари,Комплекс Шиомгвиме,Мцхета,Экскурсия,Монастырь Бодбе,Святой Нино,Тбилиси с гидом,,,,,,,,,,,,,,,,,,,,,,,,
да ,1032,Гуамское ущелье и Орлиная полка,guamskoe-ushchelye-1-den,1,Amra Turistik,https://amra-turistik.ru/tours/relaks-tur-guamskoe-ushhele-i-termalnye-istochniki-40/,Гуамка,Адыгея,Узкоколейная дорога,Орлиная полка,Гуамское ущелье,Горы Мезмая,,,,,,,,,,,,,,,,,,,,,,,,,,,,,,,,,,,
да ,1033,Гуамское ущелье и термальные источники,guamka-termy-relaks,1,Amra Turistik,https://amra-turistik.ru/tours/relaks-tur-guamskoe-ushhele-i-termalnye-istochniki-40/,Гуамка,Адыгея,Гуамское ущелье,,,,,,,,,,,,,,,,,,,,,,,,,,,,,,,,,,,,,,
да ,1034,Гузерипль — Лаго-Наки — Термальные источники,guzeripl-lago-naki-termy,1,Amra Turistik,https://amra-turistik.ru/tours/guzeripl-lago-naki-termalnye-istochniki-40,Плато Лаго-Наки,Адыгея,Тропа Леопарда в заповеднике,Термальные источники в финале дня,Сибирь,Водная Ривьера,Кордон Кавказского,Гузерипль — Лаго-Наки,,,,,,,,,,,,,,,,,,,,,,,,,,,,,,,,,
да ,1035,Дагестан: Сулакский каньон и Дербент,dagestan-4-dnya,4,Amra Turistik,https://amra-turistik.ru/tours/gornyj-dagestan-za-4-dnya,Дагестан,Сулакский каньон,Катер по каньону,Древний Дербент,Нохъо,Белого солнца пустыни,Нарын-Кала,Каньон Европы,Крепость Нарын,Аул Гуниб,Салтинский водопад,Лунь,Цитадель Нарын,Мачу-Пикчу,Река Сулак,Набережная Каспийского,Бархан Сарыкум,Гамсутль,Махачкала,,,,,,,,,,,,,,,,,,,,,,
да ,1036,Два озера — Два моря: тюльпаны и Генеральские пляжи,dva-ozera-dva-morya-tyulpany-generalskie,1,Amra Turistik,https://amra-turistik.ru/tours/dva-ozera-dva-morya-tyulpany-i-velikolepnye-generalskie-plyazhi-odin-iz-samyh-krasivyh-vesennih-turov,Тюльпановый поход на мысе Опук,Кояшское розовое озеро,Гора Митридат,Генеральские пляжи,Мыс Опук — Керчь,Кояшское озеро,Крымский мост,Чокракское озеро,Керчь,Горы Опук,Два озера,,,,,,,,,,,,,,,,,,,,,,,,,,,,,,
да ,1037,"Двухдневная красавица Осетия: Цейское ущелье, Город мёртвых и Кармадон",krasavica-osetiya-2-dnya,2,Amra Turistik,https://amra-turistik.ru/tours/dvuhdnevnaya-krasavicza-osetiya-13,Северная Осетия,Памятник Уастырджи в скале,Цейский ледник,Кармадонское ущелье,Город мёртвых в Даргавсе,Каньон Кадаргаван,Ледник Колка,Мемориал Сергею,Цейское ущелье,Владикавказ — Алагирское ущелье,Кармадонские ворота,Куртатинское ущелье,Набережная Терека,Кармадон — Город мёртвых,,,,,,,,,,,,,,,,,,,,,,,,,,,
да ,1038,"День в Крыму: Мрия, сакура и Ялта",krym-mriya-sakura-yalta-1-den,1,Amra Turistik,https://amra-turistik.ru/tours/den-schastya-v-krymu-mriya-czvetenie-sakury-i-yalta-2,Mriya Resort 5*,Фотограф в подарок,Вечер на набережной Ялты,Шесть чувств,Набережная Ялты,Винный парк,Крымский мост,Японский сад,,,,,,,,,,,,,,,,,,,,,,,,,,,,,,,,,
да ,1039,День в походе по загадочной Шапсугской,pokhod-po-shapsugskoj-dolmeny-labirint,1,Amra Turistik,https://amra-turistik.ru/tours/den-v-pohode-po-udivitelnoj-i-zagadochnoj-shapsugskoj-6,Краснодарский край,Дольмены,Лабиринт желаний,Лагуна,,,,,,,,,,,,,,,,,,,,,,,,,,,,,,,,,,,,,
да ,1040,Домбай: выходные в горах,dombay-weekend,2,Amra Turistik,https://amra-turistik.ru/tours/dombaj-vesnoj,Домбай-Ульген,Ущелье Аманауз,Вид на Кавказский хребет,Чёртовой мельнице,Чёртова мельница,Тебердинское ущелье,,,,,,,,,,,,,,,,,,,,,,,,,,,,,,,,,,,
да ,1041,Знакомство с Беларусью: вся Белоруссия за 9 дней,znakomstvo-s-belarusyu-9-dnej,9,Amra Turistik,https://amra-turistik.ru/tours/znakomstvo-s-belarusyu-vsya-belorussiya-za-6-dnej-2,Беларусь,Мирский замок и Несвижский дворец — ЮНЕСКО,Беловежская пуща — Брестская крепость,Беловежская пуща,Гродно — 900 лет истории,Полоцк,Усадьба Репина в Здравнёво,Мужество,Жажда,Спасо-Евфросиниевский,Музей Шагала,Королевский замок,Софийский собор,Евфросиниевский монастырь,Витебск — Славянский базар,Карета,Войт,Площадь Независимости,Площадь Свободы,Проспект Независимости,Остров Слёз,Святополк-Мирских,Храм Речи,Дом Печатника,Проспект Скорины,Святой Софии,Славянского базара,Улица Суворова,Музей Витебского,Благовещенская церковь,Воскресенская церковь,Успенский собор,Дорога Краснодар — Минск,Дорога домой,,,,,,,
да ,1042,"Калининград: Куршская коса, Балтийск и янтарный берег",kaliningrad-zhd-avia-tur,9,Amra Turistik,https://amra-turistik.ru/tours/kaliningrad-zhd-tur-3,Кёнигсбергу-Калининграду,Куршская коса — ЮНЕСКО,Янтарный замок,Балтийск,Кафедральный собор,"Замок Шаакен, сыроварня",Борющиеся зубры,Голубой флаг,Шаакендорф,Свято-Георгиевский,Площадь Победы,Цитадель Пиллау,Памятник Петру,Георгиевский собор,Куршский залив,Янтарная лагуна,Парк Морица,Королевы Луизы,Спасо-Преображенский,Преображенский собор,Оружейная,Зеленоградск,Светлогорск,,,,,,,,,,,,,,,,,,
да ,1043,Красивейший видовой тур по смотровым Лаго-Наки,krasivejshie-smotrovye-lago-naki-1-den,1,Amra Turistik,https://amra-turistik.ru/tours/krasivejshij-vidovoj-tur-po-smotrovym-lago-naki-2,Лаго-Наки,Адыгея,Гранитный каньон Белой,Партизанская поляна,Яворова поляна,Белореченский водопад,Кавказский хребет,,,,,,,,,,,,,,,,,,,,,,,,,,,,,,,,,,
да ,1044,Краснодар и Парк Галицкого,krasnodar-park-galitskogo,1,Amra Turistik,https://amra-turistik.ru/tours/progulka-s-ekskursovodom-po-parku-krasnodar-i-parku-oblakov-8,Парк Галицкого,Стадион «Краснодар»,Красная улица,,,,,,,,,,,,,,,,,,,,,,,,,,,,,,,,,,,,,,
да ,1045,Краснодар: история и секреты города,krasnodar-istoricheskij-centr-ekskursiya,1,Amra Turistik,https://amra-turistik.ru/tours/krasnodar-krasivyj-yuzhnyj-gorod-ekskursiya-po-istoricheskoj-chasti-goroda-4,Памятник Екатерине II,Казачья история Краснодара,Малая группа 8–18 человек,Собачкина столица,Кубанскому казачеству,Площадь Пушкина,Памятник Репину,Художественный музей,Исторический Краснодар,,,,,,,,,,,,,,,,,,,,,,,,,,,,,,,,
да ,1046,Крым: Новый Свет — Феодосия — Мрия,krym-novyj-svet-mriya-2-dnya,2,Amra Turistik,https://amra-turistik.ru/tours/krym-na-lajte-ot-vinnyh-istorij-goliczyna-do-yalty-i-mrii-4,Тропа Голицына,Три бухты Нового Света,Mriya Resort,Новый Свет,Тропа Крыма,Мыс Капчик,Крымский мост,Феодосия,Мрия,,,,,,,,,,,,,,,,,,,,,,,,,,,,,,,,
да ,1047,Крым: Фестиваль сакуры в Мрие и дворцы ЮБК,krym-mriya-dvorcy-jubk-2-dnya,2,Amra Turistik,https://amra-turistik.ru/tours/krym-pinterest-tur-festival-sakury-v-mrie-i-dvorczy,Фестиваль сакуры в Mriya Resort,Ялта,Шесть чувств,Дворцы ЮБК или Ай-Петри,Массандровский дворец,Ливадийский дворец,Воронцовский дворец,Мрия — Фестиваль сакуры,,,,,,,,,,,,,,,,,,,,,,,,,,,,,,,,,
да ,1048,"Крым: ЮБК, Новый Херсонес и Севастополь",krym-jubk-novyj-hersones-sevastopol,2,Amra Turistik,https://amra-turistik.ru/tours/krym-na-lajte-ot-vinnyh-istorij-goliczyna-do-yalty-i-mrii-5,Ливадийский дворец — Ялтинская конференция,Ласточкино гнездо,Новый Херсонес,Севастополь,Ай-Тодор,Замок Александра,Площадь Нахимова,Массандровский дворец,Приморский бульвар,Крымский мост,Форосский храм,,,,,,,,,,,,,,,,,,,,,,,,,,,,,,
да ,1049,Крым: большое путешествие на 5 дней,krym-bolshoe-puteshestvie,5,Amra Turistik,https://amra-turistik.ru/tours/volshebnyj-zapadnyj-bereg-kryma-3-h-dnevnyj-33,Севастополь и Ялта,Ай-Петри,Крымский мост,Ласточкино гнездо,Свято-Успенский,Чуфут-Кале,Дворец Александра,Площадь Нахимова,Ливадийский дворец,Воронцовский дворец,Ялтинская набережная,Массандровский дворец,Владимирский собор,Ханский дворец,Успенский монастырь,Оборона Севастополя,Набережная Приморского,Бахчисарайский фонтан,Балаклава,Набережная Ялты,Южный берег Крыма,Никитский сад,,,,,,,,,,,,,,,,,,,
да ,1050,"Кубанская лоза: Лефкадия, винодельня «Мысхако» и вечер в Абрау",kubanskaya-loza-lefkadiya-myshako-abrau,1,Amra Turistik,https://amra-turistik.ru/tours/romantika-i-vino-lefkadiya-staryj-park-shato-pino-4,Абрау-Дюрсо,Краснодарский край,Лефкадия — Мысхако,Вечер на озере Абрау,Мысхако,,,,,,,,,,,,,,,,,,,,,,,,,,,,,,,,,,,,
да ,1051,Лефкадия — Старый Парк — Шато-Пино,lefkadiya-staryj-park-shato-pino,1,Amra Turistik,https://amra-turistik.ru/tours/romantika-i-vino-lefkadiya-staryj-park-shato-pino-3/,Геленджик,Абрау-Дюрсо,Долина Лефкадия,Старый Парк в Кабардинке,Шато-Пино,Горы Колдун,Ухоженный парк,Лефкадия — Старый Парк,,,,,,,,,,,,,,,,,,,,,,,,,,,,,,,,,
да ,1052,"Лучшая весна в Грузии и Армении: 7 дней, две страны",gruziya-i-armeniya-7-dnej,7,Amra Turistik,https://amra-turistik.ru/tours/luchshaya-vesna-v-gruzii-i-armenii,Грузия,Армения,Военно-Грузинская дорога — Тбилиси,Кахетия,Хор Вирап — Арарат на ладони,Нораванк среди красных скал,Монастырь Гегард,Озеро Севан — «армянское море»,Киндзмараули,Военно-Грузинская,Замок Ананури,Мост Мира,Монастырь Бодбе,Монастырь Санаин,Монастырь Севанаванк,Пещера Арени,Храм Гарни,Верхний Ларс,Храм Метехи,Площадь Европы,Парк Рико,Крепость Нарикала,Проспект Руставели,Святой Нино,Пещера Птиц,Площадь Республики,Языческий храм,Лучшая весна в Грузии,Вернисаж — Гарни,Ереван — Джвари,,,,,,,,,,,
да ,1053,"Маршрут ВелоSea: Голубая бухта, смотровые и Геленджик",velosea-golubaya-buhta-gelendzhik,1,Amra Turistik,https://amra-turistik.ru/tours/zahvatyvayushhij-marshrut-velosea-i-gelendzhik-8,Геленджик,Смотровая «Одинокая скамейка» над морем,Лестница 287 ступеней к воде,Сосновый лес над бирюзовой бухтой,Скала Утюг,Голубая бухта,,,,,,,,,,,,,,,,,,,,,,,,,,,,,,,,,,,
да,1054,Мезмай: Орлиная полка и Верхнекурджипское ущелье,mezmaj-orlinaya-polka-verhnekurdzhipskoe,1,Amra Turistik,https://amra-turistik.ru/tours/lyubimyj-mezmaj-orlinaya-polka-verhnekurdzhipskoe-ushhele-32,Адыгея,Орлиная полка,Заколдованный лес,Биосферный заповедник ЮНЕСКО,Сосна,Водопад Шестиметровка,Пещера Исиченко,Верхнекурджипское ущелье,Водопады Верхнекурджипского,,,,,,,,,,,,,,,,,,,,,,,,,,,,,,,,
да,1055,"Мезмай: Орлиная полка, Гуамское ущелье и термальные источники",mezmaj-orlinaya-polka-guamskoe-termy,1,Amra Turistik,https://amra-turistik.ru/tours/lyubimyj-mezmaj-orlinaya-polka-guamskoe-ushhele-ot-mezmaya-do-guamki-i-termy-8,Краснодарский край,Орлиная полка — Гуамское ущелье,Гуамское ущелье,,,,,,,,,,,,,,,,,,,,,,,,,,,,,,,,,,,,,,
да,1056,"Морской вояж: Голубая бездна, скала Парус, Геленджик",morskoj-voyazh-golubaya-bezdna-parus-gelendzhik,1,Amra Turistik,https://amra-turistik.ru/tours/morskoj-voyazh-golubaya-bezdna-skala-parus-gelendzhik-12,Краснодарский край,Голубая бездна,Скала Парус,Геленджик,,,,,,,,,,,,,,,,,,,,,,,,,,,,,,,,,,,,,
да,1057,Парад тюльпанов в Крыму и дворцы ЮБК,parad-tyulpanov-krym-dvorcy-2-dnya,2,Amra Turistik,https://amra-turistik.ru/tours/parad-tyulpanov-v-krymu-i-dvorczy,Воронцовский дворец — Ласточкино гнездо,Ласточкино гнездо на скале,Парад тюльпанов в Никитском саду,Ливадийский дворец Романовых,Набережная Ялты,Ай-Тодор,Дворец Александра,Массандровский дворец,Алупкинский парк,Аю-Даг,Никитский сад,Парад тюльпанов в Крыму,Утёс — Гурзуф,,,,,,,,,,,,,,,,,,,,,,,,,,,,
да,1058,Парад тюльпанов и Новый Херсонес,parad-tyulpanov-novyj-hersones-1-den,1,Amra Turistik,https://amra-turistik.ru/tours/bal-hrizantem-i-novyj-hersones,Парад тюльпанов — Никитский ботанический сад,Никитский сад — Ласточкино Гнездо,Новый Херсонес,Живописная трасса Ялта — Севастополь,Ай-Тодор,Крымский мост,,,,,,,,,,,,,,,,,,,,,,,,,,,,,,,,,,,
да,1059,Парк Краснодар и Парк Облаков: экскурсия с гидом,park-krasnodar-oblakov-ekskursiya,1,Amra Turistik,https://amra-turistik.ru/tours/progulka-s-ekskursovodom-po-parku-krasnodar-i-parku-oblakov-8,Парк Краснодар,История создания от Галицкого,Парк Облаков,Новый Парк,Террасированный сад,Английский парк,,,,,,,,,,,,,,,,,,,,,,,,,,,,,,,,,,,
да,1060,Пасха в Абхазии: весна в стране души,pasha-v-abhazii-2-dnya,2,Amra Turistik,https://amra-turistik.ru/tours/pervomajskie-prazdniki-v-abhazii,Абхазия,Озеро Рица и Юпшарский каньон,Озеро Рица — Мюссера,Новоафонский монастырь,Село Лыхны,Гагра,Симоно-Кананитский,Водопады Девичьи,Храм Амбара,Новоафонская пещера,Приморский парк,Жоэкварское ущелье,Новый Афон — Лыхны,Гагрипш,Чачба-Шервашидзе,Крепость Абаата,Новоафонский водопад,Генуэзская башня,Гагрская крепость,,,,,,,,,,,,,,,,,,,,,,
да,1061,"Пасха в Атамани: казачьи традиции, Тамань и Лермонтов",pasha-v-atamani-1-den,1,Amra Turistik,https://amra-turistik.ru/tours/edem-na-masleniczu-v-ataman,Краснодарский край,Казачья Пасха с обрядами,Домик Лермонтова в Тамани,Вид на Крымский мост,Храм Покрова,Тамань — Атамань,,,,,,,,,,,,,,,,,,,,,,,,,,,,,,,,,,,
да,1062,Пасха в Свято-Михайловском мужском монастыре,pasha-svyato-mihajlovskij-monastyr-1-den,1,Amra Turistik,https://amra-turistik.ru/tours/pasha-v-svyato-mihajlovskom-muzhskom-monastyre,Адыгея,Пасха в действующем горном монастыре,Подземный монастырь,Гора Физиабго,Святой источник,Свято-Михайловский монастырь,,,,,,,,,,,,,,,,,,,,,,,,,,,,,,,,,,,
да,1063,Планческие скалы и конная ферма «Владимировка»,plancheskie-skaly-konnaya-ferma-vladimirovka,1,Amra Turistik,https://amra-turistik.ru/tours/plancheskie-skaly-i-konnaya-ferma-vladimirovka-48,Краснодарский край,Планческие скалы,Конная ферма «Владимировка»,Река Убин,Собер-Баш,Горы Собер,Беседка Желаний,,,,,,,,,,,,,,,,,,,,,,,,,,,,,,,,,,
да,1064,Плато Лаго-Наки и Азишская пещера,lago-naki-1-den,1,Amra Turistik,https://amra-turistik.ru/tours/krasivejshij-vidovoj-tur-po-smotrovym-lago-naki-2/,Плато Лаго-Наки,Адыгея,Азишская пещера,Хаджохская теснина,Водопады Руфабго,,,,,,,,,,,,,,,,,,,,,,,,,,,,,,,,,,,,
да,1065,"По водопадам Мезмая: Темнолесье, Университетский и Чинарёв",vodopady-mezmaya-temnolesye,1,Amra Turistik,https://amra-turistik.ru/tours/po-vodopadam-mezmaya-vodopady-temnolesya,Краснодарский край,Водопад Университетский,Чинарёв водопад в ущелье,Шестиметровка и Исиченко в Мезмае,Водопад Шестиметровка,Водопад Исиченко,Старт,Водопады Шестиметровка,Темнолесье — Университетский,,,,,,,,,,,,,,,,,,,,,,,,,,,,,,,,
да,1066,Поместье Голубицкое — Анапа — Супсех,golubickoe-anapa-supsex,1,Amra Turistik,https://amra-turistik.ru/product-category/russia/iz-krasnodara/,Абрау-Дюрсо,Два моря — Азовское и Чёрное,Болотные кипарисы в Сукко,Смотровые Супсеха — Ласточкины Гнёзда,Поместье Голубицкое — Анапа,Гора Лысая,"Азовское море, кипарисы, Анапа",,,,,,,,,,,,,,,,,,,,,,,,,,,,,,,,,,
да,1067,"Рассвет на Ай-Петри, парад тюльпанов и дворцы Крыма",rassvet-aj-petri-parad-tyulpanov-dvorcy,1,Amra Turistik,https://amra-turistik.ru/tours/rassvet-na-aj-petri-bal-hrizantem-i-dvorczy-2,Рассвет на Ай-Петри — 1234 м,Морская прогулка к Ласточкиному гнезду,Парад тюльпанов в Никитском саду,Эспаньола,Даме с собачкой,Учан-Су,Водопад Учан,Водопад Крыма,Приморский парк,Пушкинская улица,Массандровский дворец,Ай-Петри — Ялта,Спуск,"Рассвет на Ай-Петри, парад тюльпанов",,,,,,,,,,,,,,,,,,,,,,,,,,,
да,1068,Рафтинг и весна в Лаго-Наки,rafting-vesna-lago-naki,1,Amra Turistik,https://amra-turistik.ru/tours/rafting-i-vesna-v-lago-naki-2,Скала Утюг на плато Лаго-Наки,Адыгея,Рафтинг по гранитному каньону Белой,Смотровая «Панорама»,Сибирь,Горы Адыгеи,Рафтинг на Белой,,,,,,,,,,,,,,,,,,,,,,,,,,,,,,,,,,
да,1069,Релакс-тур: замок Шато де Талю и Геленджик,relaks-shato-de-talyu-gelendzhik,1,Amra Turistik,https://amra-turistik.ru/tours/relaks-tur-na-poberezhe-zamok-shato-de-talyu-i-gelendzhik-12,Набережная Геленджика,Шато де Талю — Геленджик,Геленджикская набережная,,,,,,,,,,,,,,,,,,,,,,,,,,,,,,,,,,,,,,
да,1070,"Самая красивая дорога России: Джилы-Су, Чегем и подножие Эльбруса",krasivaya-doroga-rossii-i-chegem-2-dnya,2,Amra Turistik,https://amra-turistik.ru/tours/samaya-krasivaya-doroga-v-rossii-i-chegem-7,Приэльбрусье,КавМинВоды,Самая красивая дорога,"Водопады Эмир, Султан и Каракая-Су",Нарзанные источники Джилы-Су,Полёты на параплане над Чегемом,Горный отель в Эль-Тюбю,Парадром Чегема — Абай-Су,Водопады Чегемского,Кавказский хребет,Джилы-Су — Чегемские водопады,Водопад Эмир,Водопад Султан,Водопад Каракая,Чегемском ущелье,Водопад Абай,Чегемское ущелье,,,,,,,,,,,,,,,,,,,,,,,,
да,1071,Санкт-Петербург и Карелия за 9 дней,spb-kareliya-9-dnej,9,Amra Turistik,https://amra-turistik.ru/tours/lyubimyj-sankt-peterburg-i-kareliya-7,Санкт-Петербург и Карелия за,Карелия,Эрмитаж и Петергоф,Янтарная комната в Царском Селе,Парк Рускеала,Остров Кижи,Разводные мосты Петербурга,Северная Венеция,Самсон,Комете,"Гора Сампо, Кивач, Марциальные воды",Водопады Ахвенкоски,Гора Сампо,Водопад Кивач,Исаакиевская площадь,Исаакиевский собор,Царское Село + разводные мосты,Екатерининский дворец,Преображенская церковь,Онежская набережная,Церковь Преображения,Теплоход по каналам + Петергоф,Ладожские шхеры,Возвращение домой,,,,,,,,,,,,,,,,,
да,1072,Северная Осетия на выходные,severnaya-osetiya-weekend,2,Amra Turistik,https://amra-turistik.ru/tours/dvuhdnevnaya-krasavicza-osetiya-13,Северная Осетия,Город мёртвых Даргавс,Цейский ледник,Мидаграбинские водопады,Цейское ущелье,Крепость Дзивгис,Куртатинское ущелье,Кармадонское ущелье,,,,,,,,,,,,,,,,,,,,,,,,,,,,,,,,,
да,1073,"Сказочное побережье: Старый Парк, Шато-Пино и Абрау-Дюрсо",skazochnoe-poberezhe-staryj-park-shato-pino-abrau,1,Amra Turistik,https://amra-turistik.ru/tours/skazochnoe-poberezhe-krasivyj-staryj-park-shato-pino-abrau-7,Абрау-Дюрсо,Геленджик,Старый Парк — Шато-Пино,Шато-Пино,Вечер у озера Абрау,Эскарго,Горы Колдун,,,,,,,,,,,,,,,,,,,,,,,,,,,,,,,,,,
да,1074,"Скала Чёртов Палец, Савранская канатная дорога и Лаго-Наки",chertov-palec-savranskaya-kanatnaya-lago-naki,1,Amra Turistik,https://amra-turistik.ru/tours/skala-chertov-palecz-savranskaya-kanatnaya-doroga-lago-naki-6,Смотровые Лаго-Наки,Адыгея,Скала Чёртов Палец,Белореченский водопад — Савранская канатка,Азишский перевал,Плато Лаго,,,,,,,,,,,,,,,,,,,,,,,,,,,,,,,,,,,
да,1075,Солнечная Грузия: большой тур от Тбилиси до Батуми за 9 дней,solnechnaya-gruziya-bolshoj-tur-9-dnej,9,Amra Turistik,https://amra-turistik.ru/tours/solnechnaya-gruziya-bolshoj-tur-ot-tbilisi-do-batumi-5,Грузия,Военно-Грузинская дорога — Тбилиси,Кахетия,Вардзиа,Боржоми,Кутаиси — Батуми,Горная Аджария,Али и Нино,Самцхе-Джавахети,Мост Мира,Собор Троицы,Монастырь Джвари,Собор Светицховели,Крепость Рабат,Храм Баграта,Крепость Гонио,Мост Царицы,"Мцхета — Джвари, Светицховели, Самтавро",Кутаиси,Проживание,Замок Ананури,Верхний Ларс,Храм Метехи,Площадь Европы,Парк Рико,Проспект Руставели,Монастырь Бодбе,Село Бидаури,Святой Нино,Второй Иерусалим,Монастырь Самтавро,Мечеть Орта,Улица Руставели,,,,,,,,
да,1076,Сочи + Абхазия из Ростова,sochi-abhazia-4-dnya,4,Amra Turistik,https://amra-turistik.ru/tours/strana-morya-solncza-i-neveroyatnoj-krasoty-abhaziya-15,Сочи,Олимпийский парк,Красная Поляна,Озеро Рица,Южные культуры,Фишт,Роза Хутор,Набережная Гагры,Абхазия,Гагра,,,,,,,,,,,,,,,,,,,,,,,,,,,,,,,
да,1077,Сочи на выходные,sochi-weekend-2-dnya,2,Amra Turistik,https://amra-turistik.ru/tours/abhaziya-strana-gor-ozer-kanonov-i-vodopadov-5,Сочи,Олимпийский парк,Красная Поляна,Шоу фонтанов,Южные культуры,Фишт,Набережная Адлера,Роза Хутор,,,,,,,,,,,,,,,,,,,,,,,,,,,,,,,,,
да,1078,Стамбул Лайт: 5 дней с сопровождающим,stambul-lajt-5-dnej,5,Amra Turistik,https://amra-turistik.ru/tours/stambul-lajt-tur-na-festival-tyulpanov,Стамбул,Фестиваль тюльпанов в парке Эмирган,Малая группа до 16 человек,Отель у Голубой мечети,Сопровождающий 24/7,Великолепного века,Ай-София,Площадь Султанахмет,Парк Гюльхане,Дворец Долмабахче — Истикляль,Площадь Таксим,Мечеть Сулеймание,Египетский базар,Галатская башня,Дворец Ибрагима,Парк Эмирган,Улица Истикляль,Прилёт,День тюльпанов,Холм Пьера Лоти — Балат,,,,,,,,,,,,,,,,,,,,,
да,1079,Стамбул: влюбиться за 5 дней,stambul-5-dnej-s-gidom,5,Amra Turistik,https://amra-turistik.ru/tours/stambul-gorod-na-dvuh-kontinentah-gorod-tam-gde-serdcze,Стамбул,Лицензированный турецкий гид — 2 дня,Дворец Топкапы с гаремом,Прогулка по Босфору,Малая группа до 14 человек,Великолепный век,Ай-София,Дворец Ибрагима,Парк Гюльхане,Площадь Таксим,Улица Истикляль,Башня Галата,Мечеть Сулеймание,Галатский мост,Важно,Дворец Долмабахче,"Прилёт, расселение, первая прогулка",Долмабахче — Таксим,Балат — Холм Пьера Лоти,,,,,,,,,,,,,,,,,,,,,,
да,1080,Термальные источники «Водная Ривьера» и «Питейный дом» в Майкопе,termalnye-istochniki-vodnaya-rivera-pitejnyj-dom,1,Amra Turistik,https://amra-turistik.ru/tours/termalnye-istochniki-vodnaya-rivera-i-pitejnyj-dom-v-majkope-6,Адыгея,Питейный дом 1902 года,Белореченский водопад — Питейный дом,Питейный дом Российской монополии,Домашнюю,Термальные источники «Водная Ривьера»,Горы Адыгеи,«Питейный дом» в Майкопе,,,,,,,,,,,,,,,,,,,,,,,,,,,,,,,,,
да,1081,Термальные источники Адыгеи за 1 день,termy-adygei-1-den,1,Amra Turistik,https://amra-turistik.ru/tours/termalnye-istochniki-vodnaya-rivera-i-pitejnyj-dom-v-majkope-6/,Адыгея,Термальные источники Адыгеи,,,,,,,,,,,,,,,,,,,,,,,,,,,,,,,,,,,,,,,
да,1082,Тешебские водопады и музей «Хлеба и Вина» в Архипо-Осиповке,teshebskie-vodopady-muzej-hleba-i-vina,1,Amra Turistik,https://amra-turistik.ru/tours/vodopady-i-dolmeny-poberezhya-vodopady-teshebskie-i-reki-zhane-zakat-v-goluboj-bezdne,Геленджик,Тешебские водопады,Музей «Хлеба и Вина»,Вечер на Чёрном море,Михайловская батарея,Михайловское укрепление,Вина» в Архипо-Осиповке,Архипо-Осиповки,Набережная Архипо,Архипо-Осиповка,,,,,,,,,,,,,,,,,,,,,,,,,,,,,,,
да,1083,"Тур-восторг: Шато-Пино, смотровые, Старый Парк, Геленджик",tur-vostorg-shato-pino-staryj-park-gelendzhik,1,Amra Turistik,https://amra-turistik.ru/tours/tur-vostorg-shato-pino-smotrovye-staryj-park-gelendzhik-6,Краснодарский край,Шато-Пино,Старый Парк,Смотровые площадки над Цемесской бухтой,Эскарго,Горы Колдун,Набережная Кабардинки,Геленджик,Ферма Шато,,,,,,,,,,,,,,,,,,,,,,,,,,,,,,,,
да,1084,Тюльпаны Ростовского заповедника и эко-тропы,tyulpany-rostovskogo-zapovednika-eko-tropy,1,Amra Turistik,https://amra-turistik.ru/tours/tyulpany-rostovskogo-zapovednika-i-eko-tropy-3,Краснодарский край,Тюльпаны Шренка,Эко-тропа у озера Маныч-Гудило,Смотровая вышка над Донской степью,Лазоревый цветок,Загадки Манычской долины,Ростовский заповедник,Тюльпаны Ростовского заповедника,,,,,,,,,,,,,,,,,,,,,,,,,,,,,,,,,
да,1085,Тюльпаны и пионы Крыма,tyulpany-i-piony-kryma,1,Amra Turistik,https://amra-turistik.ru/tours/tyulpany-i-maki-kryma-3,Опукский заповедник — Кояшское озеро,Розовое Кояшское озеро,Руины древней столицы Киммерии,Пионы у Белой скалы,Скала Розовых скворцов,Горы Опук,Тюльпаны,,,,,,,,,,,,,,,,,,,,,,,,,,,,,,,,,,
да,1086,"Тюльпаны мыса Опук, Кояшское озеро и Керчь",tyulpany-mysa-opuk-koyashskoe-kerch,1,Amra Turistik,https://amra-turistik.ru/tours/tyulpany-mysa-opuk-koyashskoe-ozero-kerch-22,Тюльпанные поля Опукского заповедника,Розовое Кояшское озеро,Руины Пантикапея,Горы Опук,Гора Митридат,Храм Иоанна,Опукский заповедник — Кояшское озеро,Керчь,Крымский мост,"Тюльпаны мыса Опук, Кояшское озеро",,,,,,,,,,,,,,,,,,,,,,,,,,,,,,,
да,1087,"Фестиваль тюльпанов в Калмыкии: Страна Бумба, степи и барханы",festival-tyulpanov-kalmykiya-2-dnya,2,Amra Turistik,https://amra-turistik.ru/tours/festival-tyulpanov-v-kalmykii-strana-bumba-stepi-barhany-poyushhie-peski-i-goryashhaya-voda-3,Калмыкия,Фестиваль тюльпанов в Элисте,Золотая обитель Будды,Розовое Меклетинское озеро,Поющие барханы,Катание на верблюдах в Стране Бумба,Сити-Чесс,Село Адык,Элиста,Страна Бумба,,,,,,,,,,,,,,,,,,,,,,,,,,,,,,,
да,1088,"Фестиваль тюльпанов в Калмыкии: Элиста, хурулы и степные тюльпаны",festival-tyulpanov-kalmykiya-1-den,1,Amra Turistik,https://amra-turistik.ru/tours/festival-tyulpanov-v-kalmykii-12,Калмыкия,Золотая обитель Будды Шакьямуни,Интерактивный музей кочевой культуры,Степные тюльпаны Шренка,Сити-Чесс,Старый Хурул,Новый Хурул,Элиста,,,,,,,,,,,,,,,,,,,,,,,,,,,,,,,,,
да,1089,Чегем и Язык тролля с красавицей Верхней Балкарией,chegem-yazyk-trollya-verhnyaya-balkariya-2-dnya,2,Amra Turistik,https://amra-turistik.ru/tours/chegem-i-yazyk-trollya-s-krasaviczej-verhnej-balkariej-14,Приэльбрусье,Чегемские водопады,Полёты на параплане над парадромом,Язык тролля с красавицей Верхней Балкарией,Голубое озеро,Черекская теснина,Эль-Тюбю,Абай-Су,Шато-Экрен — Язык тролля,Церик-Кель,Кюннюм-Эль,Замок Шато,Верхняя Балкария,Водопад Абай,Чегемское ущелье,,,,,,,,,,,,,,,,,,,,,,,,,,
да,1090,Чечня и Северная Осетия за 4 дня,chechnya-osetiya-4-dnya,4,Amra Turistik,https://amra-turistik.ru/tours/tri-respubliki-kavkaza-chechnyaingushetiya-i-severnaya-osetiya-13,Горная Чечня,Чечня и Северная Осетия за,2 региона за 1 поездку,Мечеть «Сердце Чечни»,Город мёртвых Даргавс,Грозный-Сити,Чанты-Аргун,Комплекс Пхакоч,Проспект Мира,Аргунское ущелье,Нихалойские водопады,Цейское ущелье,Кармадонское ущелье,Мидаграбинские водопады,Владикавказ,Гордость мусульман,Река Аргун,Мечеть Мухтарова,Крепость Дзивгис,Куртатинское ущелье,Памятник Уастырджи,Источники Бирагзанг,Цейский ледник,,,,,,,,,,,,,,,,,,
да,1091,Шато де Талю — Геленджик — Старый Парк,shato-de-talyu-gelendzhik-staryj-park,1,Amra Turistik,https://amra-turistik.ru/tours/romantichnyj-i-krasivyj-tur-na-poberezhe-zamok-shato-de-talyu-gelendzhik-i-stary-park,Набережная Геленджика,Шато де Талю — Геленджик,Набережная Кабардинки,Старый Парк,,,,,,,,,,,,,,,,,,,,,,,,,,,,,,,,,,,,,
да,1092,Элиста и степи Калмыкии,elista-kalmykiya-1-den,1,Amra Turistik,https://amra-turistik.ru/tours/festival-tyulpanov-v-kalmykii-12,Калмыкия,Крупнейший буддийский храм Европы,Шахматный город,Тюльпановые степи (весна),Сити-Чесс,Элиста,,,,,,,,,,,,,,,,,,,,,,,,,,,,,,,,,,,
да,1093,Эльбрус и Чегемские водопады,elbrus-i-chegem,2,Amra Turistik,https://amra-turistik.ru/tours/puteshestvie-v-prielbruse-ozero-donguz-orun-kyol-terskolskoe-ushhele-i-vodopad-terskol-3,Приэльбрусье,Чегемские водопады,Термальные источники,Баксанское ущелье,Гедуко,Абай-Су,Чегет,,,,,,,,,,,,,,,,,,,,,,,,,,,,,,,,,,
да,1094,"Эстетика и волшебство: Шато-Андре, усадьба Семигорье и Абрау",shato-andre-semigorye-abrau,1,Amra Turistik,https://amra-turistik.ru/tours/estetika-i-volshebstvo-shato-andre-usadba-semigore-i-abrau-4,Краснодарский край,Абрау-Дюрсо,Шато-Андре — Семигорье,Усадьба Семигорье,Дегустации на каждой локации,Эстетика,,,,,,,,,,,,,,,,,,,,,,,,,,,,,,,,,,,
да,1095,"Юго-Восточное побережье Крыма: Судак, Новый Свет и Феодосия",yugo-vostochnoe-poberezhe-kryma-sudak-novyj-svet,1,Amra Turistik,https://amra-turistik.ru/tours/yugo-vostochnoe-poberezhe-kryma-sudak-novyj-svet-i-feodosiya-3,Тропа Голицына,Генуэзская крепость XIV века,Крымский мост — Новый Свет,Мыс Капчик,Судак,Новый Свет,Консульский замок,Феодосия,,,,,,,,,,,,,,,,,,,,,,,,,,,,,,,,,
да,1096,Язык тролля и Красавица Верхняя Балкария,yazyk-trollya-verhnyaya-balkariya-1-den,1,Amra Turistik,https://amra-turistik.ru/tours/yazyk-trollya-i-krasavicza-verhnyaya-balkariya-11,Кабардино-Балкария,Язык тролля,Голубое озеро,Черекская теснина,Замок Шато-Экрен,Церик-Кель,Красавица Верхняя Балкария,Шато-Экрен — Безенги,,,,,,,,,,,,,,,,,,,,,,,,,,,,,,,,,
да,1097,Белые ночи Петербурга — 4 дня,peterburg-belye-nochi-4-dnya,4,Большая Страна,https://bolshayastrana.com/sankt-peterburg/belye-nochi-v-severnoj-stolice-362802,Санкт-Петербург,Юсуповский дворец,Янтарная комната в Екатерининском дворце,Эрмитаж,Фонтаны Петергофа,Исаакиевский собор,Самсон,Царское село,Екатерининский дворец,Петропавловская крепость,Невский проспект,Окончание,Финский залив,Магия старинных кварталов,Сенная,Садовая,Площадь Восстания,Белые ночи Петербурга,,,,,,,,,,,,,,,,,,,,,,,
да,1098,Блистательный Петербург — 3 дня,peterburg-blistatelnyj-3-dnya,3,Большая Страна,https://bolshayastrana.com/sankt-peterburg/peterburg-lajt-3-dnya-366293,Санкт-Петербургу,Большой Петергофский дворец изнутри,Фонтаны Нижнего парка,Эрмитаж,Исаакиевский собор,Теплоход по рекам,Невский проспект,Финский залив,Казанский собор,Самсон,Императорский дворец,Большой Императорский,Шедевры,Адмиралтейская,Храм Петербурга,Парадный Петербург,Блистательный Петербург,,,,,,,,,,,,,,,,,,,,,,,,
да,1099,Города Золотой Руси,goroda-zolotoj-rusi-5-dnej,5,Большая Страна,https://bolshayastrana.com/tury-po-zolotomu-kolcu/goroda-zolotoj-rusi-247031,Золотое кольцо,Плёс,Александровская слобода Ивана Грозного,Интерактив «На Сытном дворе»,Все 8 городов Золотого кольца,Полное питание (завтраки + обеды + ужины),Церковь Покрова на Нерли,Троице-Сергиева Лавра — ЮНЕСКО,На Сытном дворе Ивана Грозного,Переславль-Залесский,Космос,Старый Владимир,Храм Северо,Собор Московского,Дмитриевский собор,Успенский собор,Суздальский кремль,Рождественский собор,Покровский монастырь,Слова о полку Игореве,Спасо-Преображенский,Церковь Ильи,Набережная Волги,Преображенский монастырь,Ипатьевский монастырь,Костромской кремль,Иван Васильевич меняет профессию,Малые переходы по стенам кремля,Музей финифти,Ростовский кремль,Преображенский собор,На Печатном дворе,Александровский кремль,Малом кольце,Владимир — Боголюбово,Суздаль — Иваново,Ярославль — Кострома,Ростов Великий — Переславль,,,
да,1100,Золотая Казань,kazan-zolotaya-3-dnya,3,Большая Страна,https://bolshayastrana.com/tatarstan/dobro-pozhalovat-v-kazan-sokrashchennaya-programma-239877,Казань,"Казанский Кремль — ЮНЕСКО, мечеть Кул-Шариф",Башня Сююмбике — «падающая башня» Казани,Музей «Городская панорама»,Сказание о земле Свияжской,Татарская кухня,Туган авылым,Старо-Татарская,Площадь Свободы,Раифский монастырь,Огни Казани,Древний Керман,Один день из жизни Казани,Мечеть Татарстана,Благовещенский собор,Всех Скорбящих Радость,Свияжск XVII века,Кулинарное путешествие,Собор Богоматери,Успенский монастырь,Остров-град Свияжск,,,,,,,,,,,,,,,,,,,,
да,1101,Золотое кольцо за выходные,zolotoe-kolco-weekend-2-dnya,2,Большая Страна,https://bolshayastrana.com/tury-po-zolotomu-kolcu/na-2-dnya,Золотое кольцо,Ростовский кремль,Ярославль — «столица Золотого кольца»,Ипатьевский монастырь,Формат выходного дня,Иван Васильевич меняет профессию,Переславль-Залесский — Ростов Великий,Спасо-Преображенским,Набережная Волги,Преображенский монастырь,Преображенский собор,Слова о полку Игореве,Церковь Ильи,Богоявленский собор,Ярославль — Кострома,,,,,,,,,,,,,,,,,,,,,,,,,,
да,1102,Золотое кольцо: Царство Жар-птицы,zolotoe-kolco-zhar-ptitsa-3-dnya,3,Большая Страна,https://bolshayastrana.com/yaroslavskaya-oblast/zolotoe-kolco-vsyo-luchshee-za-3-dnya-229560,Золотое кольцо,Мастер-класс по палехской росписи,Мыловарение по рецептам Шуи,Суздальский кремль,Музей ивановского ситца,Колокольня 106 м в Шуе,Ипатьевский монастырь в Костроме,Покровский монастырь,Воскресенский собор,Космос,Дом-корабль,Дом-подкова,Рождественский собор,Беседка Островского,Набережная Волги,Богоявленский собор,Суздаль — Иваново,Шуя — Палех,Кострома,,,,,,,,,,,,,,,,,,,,,,
да,1103,Золотой Казан и Красный город,kazan-i-yoshkar-ola-6-dnej,6,Большая Страна,https://bolshayastrana.com/tatarstan/zolotoj-kazan-i-krasnyj-gorod-234546,Возвращение в Казань,"Казанский Кремль — ЮНЕСКО, мечеть Кул-Шариф",Свияжск,Раифский монастырь,Йошкар-Ола,«Огни Казани»,Старо-Татарская,Оболенского-Ноготкова,Набережная Брюгге,Площадь Оболенского,Бульвар Чавайна,Легенды,Туган авылым,Озеро Кабан,Площадь Свободы,Всех Скорбящих Радость,Башня Сююмбике,Крепость Ивана,Благовещенский собор,Успенский монастырь,Йошкар-Олу,Йошкар-Оле,Площадь Республики,Вокруг света,Дом Бая,Золотой Казан,Красный город,,,,,,,,,,,,,,
,1104,Казань день за днём,kazan-den-za-dnyom-5-dnej,5,Большая Страна,https://bolshayastrana.com/tatarstan/v-kazan-den-za-dnem-tur-na-5-dnej-386065,Музей «Городская панорама» — Казань в 360°,Храм всех религий,Раифский монастырь,Обсерватория и Иннополис,Казанский Кремль — ЮНЕСКО,Кул-Шариф,Старо-Татарская,Крепость Свияжск,Обсерватория Казанского,Якын дуслар,Белокаменная крепость,Башня Сююмбике,Благовещенский собор,Легенды,Туган авылым,Гостеприимный дом Бая,Озеро Кабан,Площадь Свободы,Поэма об университете,Остров Свияжск,Казанский университет,,,,,,,,,,,,,,,,,,,,
,1105,Казань на выходные,kazan-na-vyhodnye,2,Большая Страна,https://bolshayastrana.com/kazan/dobro-pozhalovat-v-kazan-na-vyhodnye-347239,Казань,Казанский Кремль — ЮНЕСКО,Мечеть Кул-Шариф,Башня Сююмбике — «падающая башня» Казани,Остров-град Свияжск,Мастер-класс по татарской кухне,Всех Скорбящих Радость,Старо-Татарская,Мечеть Марджани,Озеро Кабан,Площадь Свободы,Улица Баумана,Собор Богоматери,Благовещенский собор,Успенский монастырь,Рождественская площадь,Услонские горы,,,,,,,,,,,,,,,,,,,,,,,,
,1106,Казань — сокровища Татарстана,kazan-sokrovishcha-tatarstana,4,Большая Страна,https://bolshayastrana.com/tatarstan/v-kazan-den-za-dnem-vesenne-letnij4-390728,Казань,Казанский Кремль,Башня Сююмбике — «падающая башня» Казани,"Свияжск, Раифа",Болгар — Белая мечеть,Раифский монастырь на лесном озере,Татарская кухня,Ак мэчет,Памятного знака,Кул-Шариф,Набережная Казанки,Благовещенский собор,Старо-Татарская,Успенский собор,Бахетле,Кремлёвская набережная,Храм всех религий,Древний Болгар,,,,,,,,,,,,,,,,,,,,,,,
,1107,Классический Петербург — 7 дней,peterburg-klassicheskij-7-dnej,7,Большая Страна,https://bolshayastrana.com/sankt-peterburg/klassicheskij-sankt-peterburg-7-dnej-250586,Санкт-Петербург,Русский музей,Петергоф — Большой каскад,Теплоходная прогулка по рекам,Петропавловская крепость,Эрмитаж или Петергоф,Царское Село — Янтарная комната,Музей Фаберже,Бурлаки на Волге,Последний день Помпеи,Самсон,Невский проспект,Екатерининский дворец,Теплоход по каналам,Классический Петербург,,,,,,,,,,,,,,,,,,,,,,,,,,
,1108,Летний Петербург — 6 дней,peterburg-letnij-6-dnej,6,Большая Страна,https://bolshayastrana.com/leningradskaya-oblast/peterburgskaya-kollekciya-tur-na-7-dnej-167025,Санкт-Петербург,Теплоходная прогулка по рекам,"Летний сад, Таврический сад, Михайловский сад",Кунсткамера,Музей Фаберже,Белые ночи,Сад Петербурга,Петропавловская крепость,Самсон,Храм Спаса,Царское село,Сады Петербурга,Петергоф,Теплоход по каналам,Летний Петербург,,,,,,,,,,,,,,,,,,,,,,,,,,
,1109,Малое Золотое кольцо России,maloe-zolotoe-kolco-4-dnya,4,Большая Страна,https://bolshayastrana.com/tury-po-zolotomu-kolcu/maloe-zolotoe-kolco-rossii-245179,Малое Золотое кольцо,Успенский собор,Церковь Покрова на Нерли — XII век,Суздаль — 200 памятников,Ярославль — Кострома,Ипатьевский монастырь,Ростовский кремль — 15 колоколов,Троице-Сергиева Лавра — ЮНЕСКО,Слово о полку Игореве,Спасо-Преображенский,Переславль-Залесский,Церковь Ильи,Преображенский монастырь,Кострома,Космос,Храм Северо,Собор Московского,Дмитриевский собор,Суздальский кремль,Рождественский собор,Покровский монастырь,Слова о полку Игореве,Костромской кремль,Богоявленский собор,Иван Васильевич меняет профессию,Малые переходы по стенам кремля,Музей ростовской финифти,Преображенский собор,Владимир — Боголюбово,Суздаль — Иваново,Ростов Великий — Переславль,,,,,,,,,,
,1110,Москва день за днём,moskva-den-za-dnyom-5-dnej,5,Большая Страна,https://bolshayastrana.com/moskva/moskva-den-za-dnem-puteshestvie-za-5-dnej-229600,Парк Зарядье,Коломенское,Новая география Москвы,Музей Победы,"Кремль — Соборная площадь, Царь-пушка",Полёты над Москвой/Россией,Красный Октябрь,Дворец Алексея,Памятник Петру,Пушкинский музей,Церковь Вознесения,Воссозданный дворец,Москва многоликая,Лужники,Храм Христа,Парящий мост,Поклонная гора,,,,,,,,,,,,,,,,,,,,,,,,
,1111,Москва на выходные,moskva-na-vyhodnye,3,Большая Страна,https://bolshayastrana.com/moskva/moskva-den-za-dnem-puteshestvie-za-2-dnya-229605,Москва-Сити,Замоскворечье,Третьяковская галерея,Московский Кремль,Город столиц,Федерация,Утро стрелецкой казни,Иван Грозный,Явление Христа народу,Эволюция,Неизвестная,Утро в сосновом лесу,Успенский собор,Архангельский собор,Благовещенский собор,,,,,,,,,,,,,,,,,,,,,,,,,,
,1112,Москва — столичные выходные,moskva-stolichnye-vyhodnye,4,Большая Страна,https://bolshayastrana.com/moskva/tri-dnya-v-moskve-345550,Кремль — Оружейная палата,Красная площадь и Собор Василия Блаженного,"Третьяковка — Рублёв, Репин, Васнецов","Третьяковка, ВДНХ",Москва-Сити — 89 этаж,Зарядье,Троица,Бурлаки на Волге,Богатыри,Космос,Восток,Дружба народов,Храм Христа,Поклонная гора,Исторический музей,Московский кремль,Успенский собор,Архангельский собор,Третьяковская галерея,Лужники,Утро в сосновом лесу,Федерация,Царицыно,Пушкинский музей,Заезд,"Кремль, Красная площадь",,,,,,,,,,,,,,,
,1113,Московская история за 7 дней,moskovskaya-istoriya-7-dnej,7,Большая Страна,https://bolshayastrana.com/moskva/moskovskaya-istoriya-za-7-dnej-229413,Зарядье и Парящий мост,Коломенское,ВДНХ,Третьяковская галерея,Троице-Сергиева Лавра — ЮНЕСКО,Царицыно,Кремль,Полёты над Россией/Москвой,Космос,Восток,Дружба народов,Каменный цветок,Памятник Пушкину,Заповедник Александровская,Церковь Вознесения,Музей Пушкина,Распятская церковь,Покровская церковь,Успенский собор,Москва многоликая,Москва-Сити,Храм Христа,Московская история за,«Полёты над Москвой»,Арбат,Воздвиженка,Замоскворечье,Сергиев Посад,Александровская слобода,,,,,,,,,,,,
,1114,Московский калейдоскоп,moskva-kalejdoskop-5-dnej,5,Большая Страна,https://bolshayastrana.com/moskva/glavnye-dostoprimechatelnosti-moskvy-98037,Москва-Сити,Музей сословий,Третьяковская галерея,Библиотека «Ленинка»,Кремль,Финал,Эволюция,Утро стрелецкой казни,Иван Грозный,Явление Христа народу,Неизвестная,Утро в сосновом лесу,Ленинки,Москва многоликая,Лужники,Храм Христа,Пречистенье,Замоскворечье,Российская государственная библиотека,,,,,,,,,,,,,,,,,,,,,,
,1115,Петербург и Валаам на метеоре — 5 дней,peterburg-i-valaam-5-dnej,5,Большая Страна,https://bolshayastrana.com/leningradskaya-oblast/svyatye-kupola-sankt-peterburga-i-valaama-365553,Санкт-Петербург,Метеор по Ладожскому озеру,Спасо-Преображенский монастырь,Никольский скит на островке,Обед в монастырской трапезной,Музей Фаберже,Эрмитаж и Петергоф,Северные острова дельты Невы,Газпром Арена,Гора Фавор,Финский залив,Ладожское озеро,Гостиный двор,Невский проспект,Окончание,Адмиралтейская,Озерки,Важно,Самсон,Русский музей,Петропавловская крепость,Валаам на метеоре — 5 дней,Остров Валаам,Петербург и Валаам на метеоре,,,,,,,,,,,,,,,,,
,1116,Петербург и Выборг — 5 дней,peterburg-i-vyborg-5-dnej,5,Большая Страна,https://bolshayastrana.com/leningradskaya-oblast/mnogolikij-peterburg-i-neizvestnyj-vyborg-362983,Санкт-Петербург,Кронштадт,Парк Монрепо,Средневековый Выборгский замок,Библиотека Алвара Аалто,Мастер-класс по выборгскому кренделю,Водная прогулка по заливу,Остров фортов,Ленинский комсомол,Самсон,Мой покой,Финляндия в миниатюре,Башня Святого,Невский проспект,Петропавловская крепость,Окончание,Финский залив,Дом Зингера,Русский музей,Большой Конюшенной,Нарцисс,Ущелье Святого,Важно,Крендель и Ко,Виктория,Ласточке,Ласточек,Выборг — 5 дней,Петергоф,"Библиотека Аалто, крендель",Петербург и Выборг,,,,,,,,,,
,1117,Петербург на выходные,peterburg-na-vyhodnye,3,Большая Страна,https://bolshayastrana.com/sankt-peterburg/v-peterburg-na-3-dnya-366359,Санкт-Петербург,Петропавловская крепость,Эрмитаж — Зимний дворец,Музей Фаберже,Царское Село,Невский проспект,Шуваловский дворец,Екатерининский дворец,Исаакиевская площадь,,,,,,,,,,,,,,,,,,,,,,,,,,,,,,,,
,1118,Петербург — Выборг — Карелия,peterburg-vyborg-kareliya-6-dnej,6,Большая Страна,https://bolshayastrana.com/leningradskaya-oblast/top-3-sankt-peterburg-vyborg-kareliya-246450,Санкт-Петербург,Карелия,Горный парк Рускеала,Водопады Ахвенкоски,Парк Монрепо,Средневековый Выборгский замок,Музей Фаберже и Эрмитаж,Фонтаны Петергофа,Северные острова дельты Невы,Самсон,Финляндия в миниатюре,Нарцисс,А зори здесь тихие,Финский залив,Гостиный двор,Невский проспект,Исаакиевская площадь,Окончание,Газпром Арена,Адмиралтейская,Петропавловская крепость,Ущелье Святого,Важно,Дом Зингера,Русский музей,Каньон Рускеала,Петербург — Выборг,,,,,,,,,,,,,,
,1119,Петербург — ночные мосты и Павловск,peterburg-razvodye-mostov-5-dnej,5,Большая Страна,https://bolshayastrana.com/leningradskaya-oblast/peterburg-pyotr-ot-pervogo-kamnya-do-neboskreba-239657,Санкт-Петербург,Ночная экскурсия,Храм Спас на Крови,Бриллиантовая кладовая Эрмитажа,Павловский дворец,Фонтаны Петергофа,Самсон,Чижику-Пыжику,Памятник Чижику,Мемориал Александру,Михайловский замок,Окончание,Невский проспект,Храм Воскресения,Тайны Дома Романовых,Адмиралтейская,Площадь Восстания,Ночной Петербург,,,,,,,,,,,,,,,,,,,,,,,
,1120,Петербург — от Петра до небоскрёба,peterburg-ot-petra-do-neboskreba,3,Большая Страна,https://bolshayastrana.com/leningradskaya-oblast/peterburg-pyotr-ot-pervogo-kamnya-do-neboskreba-vesna-leto-244639,Санкт-Петербург,VR-экскурсия,Большой Петергофский дворец,Кронштадт — Морской собор,Ораниенбаум,"Лахта-центр, Кронштадт",Новый Петербург,Петропавловская крепость,Константиновский дворец,Меншиковский дворец,Большой Меншиковский,Петровский Петербург,Газпром Арена,Башня Лахта,Стрельна,,,,,,,,,,,,,,,,,,,,,,,,,,
,1121,Петербургские истории с Выборгом — 7 дней,peterburg-istorii-vyborg-7-dnej,7,Большая Страна,https://bolshayastrana.com/leningradskaya-oblast/klassicheskij-peterburg-i-srednevekovyj-vyborg-363121,Санкт-Петербург,Петербургские истории с Выборгом,Парк Монрепо,Петергоф с работающими фонтанами,Ораниенбаум,Гатчина,Спас-на-Крови,Эрмитаж и Русский музей,Дворец Павла,Самсон,Меншиковский дворец,Китайский дворец,Большой Меншиковский,Гатчинский парк,Бурлаки на Волге,Последний день Помпеи,Храм Спаса,Царское село,Екатерининский дворец,Музей Фаберже,,,,,,,,,,,,,,,,,,,,,
,1122,Покажите нам Москву,moskva-pokazhite-nam-4-dnya,4,Большая Страна,https://bolshayastrana.com/moskva/pokazhite-nam-moskvu-moskvichi--229953,Кремль,Усадьба Кусково,Парк Зарядье,Лужники,Полёты над Москвой/Россией,Москва-Сити,Храм Христа,Кремлёвская набережная,Москва многоликая,,,,,,,,,,,,,,,,,,,,,,,,,,,,,,,,
,1123,Портрет великого города — осень и зима,peterburg-portret-velikogo-goroda,7,Большая Страна,https://bolshayastrana.com/sankt-peterburg/osennij-portret-velikogo-goroda-peterburga-tur-na-7-dnej-238030,Санкт-Петербург,Эрмитаж без летних очередей,Смотровая площадка Лахта-центра — 462 м,Петербургское метро,Кронштадт — Морской собор,Петергофский дворец,Царское Село — Янтарная комната,Петропавловская крепость,Невский проспект,Исаакиевский собор,Храм Петербурга,Казанский собор,Остров фортов,Финский залив,Итальянский дворец,Большой Петергофский,Екатерининский дворец,Музей Фаберже,Русский музей,Зимний Петербург,Портрет великого города,Петроградская сторона,"Лахта-центр, метро",,,,,,,,,,,,,,,,,,
,1124,Родители с детьми в Петербурге — 7 дней,peterburg-roditeli-s-detmi-7-dnej,7,Большая Страна,https://bolshayastrana.com/sankt-peterburg/semejnye-kanikuly-v-peterburge-6-dnej-227195,Санкт-Петербург,Петропавловская крепость,Эрмитаж,Царское Село,Гранд Макет Россия,Музей железных дорог,Кронштадт,Комендантский дом,Невский проспект,Екатерининский дворец,Артмуза,Остров фортов,Питерлэнд,Лицей Пушкина,Кунсткамера,Васильевский остров,Родители с детьми в Петербурге,,,,,,,,,,,,,,,,,,,,,,,,
,1125,Санкт-Петербург — шедевры Северной столицы,peterburg-shedevry-severnoj-stolicy,5,Большая Страна,https://bolshayastrana.com/sankt-peterburg/shedevry-severnoj-tur-na-5-282642,Санкт-Петербург,Эрмитаж,Петергофский дворец,Янтарная комната Царского Села,Кронштадт — Морской собор,Остров фортов,Дворец Меншикова,Васильевский остров,Исаакиевский собор,Петропавловская крепость,Царское село,Остров Котлин,Храм Военно,Святой Софии,Севкабель Порт,Артмуза,Дворец Петербурга,Самсон,Большой Петергофский,Парадный Петербург,Екатерининский дворец,Финал,,,,,,,,,,,,,,,,,,,
,1126,Семейные каникулы в Петербурге,peterburg-semejnye-kanikuly,5,Большая Страна,https://bolshayastrana.com/sankt-peterburg/semejnye-kanikuly-v-peterburge-343448,Санкт-Петербург,Квест «Загадай желание»,Рыцарский зал,Фонтаны-шутихи Петергофа,Интерактивный Кронштадт,Янтарная комната — 6 тонн янтаря,Парта Пушкина в Лицее,Комендантский дом,Гранд Макет Россия,Петропавловская крепость,Царское село,Екатерининский дворец,Эрмитаж,Невский проспект,Музей железных дорог,Кунсткамера,,,,,,,,,,,,,,,,,,,,,,,,,
,1127,Татарстан на 100 процентов,tatarstan-na-100-procentov,6,Большая Страна,https://bolshayastrana.com/tatarstan/v-kazan-den-za-dnem-tur-na-5-dnej-386065,Казань в парках,"Казанский Кремль — ЮНЕСКО, Кул-Шариф",Елабуга — Шишкин,Свияжск по Волге,Раифский монастырь,Храм всех религий,Татарская кухня,«Огни Казани»,Чёртово,Площадь Тысячелетия,Музей Баратынского,Парк Тысячелетия,Легенды,Туган авылым,Старо-Татарская,Озеро Кабан,Площадь Свободы,Мечеть Марджани,Белокаменная крепость,Всех Скорбящих Радость,Мечеть Татарстана,Башня Сююмбике,Крепость Ивана,Благовещенский собор,Успенский монастырь,Рождественская площадь,Волжско-Камский,Цветущая Боратынка,Чёрное озеро,Цветаева,,,,,,,,,,,
,1128,Я шагаю по Москве,moskva-ya-shagayu-6-dnej,6,Большая Страна,https://bolshayastrana.com/moskva/ya-shagayu-po-moskve-ehkskursionnyj-tur-na-6-dnej-247124,Зарядье,Коломенское — «восьмое чудо света»,Арбат,ВДНХ,Третьяковская галерея,Царицыно,Полёты над Россией/Москвой,Космос,Восток,Церковь Вознесения,Памятник Пушкину,Успенский собор,Дворец Алексея,Дружба народов,Троица,Всадница,Бурлаки на Волге,Лужники,Москва-Сити,Храм Христа,Парящий мост,Замоскворечье,,,,,,,,,,,,,,,,,,,
да,1129,КавМинВоды — 5 курортных городов за 1 день,kavminvody-5-gorodov,1,Кандагар,https://www.kandagar.com/,КавМинВоды — 5 курортных городов,5 курортных городов,Провал в Пятигорске,Нарзанная галерея,Дворец Эмира,Пушкинская галерея,Кисловодск,Ессентуки,Железноводск,Беседка Эолова,5 городов КавМинВод,,,,,,,,,,,,,,,,,,,,,,,,,,,,,,
да,1130,Плато Бермамыт и Джилы-Су,bermamyt-dzhily-su,1,Кандагар,https://www.kandagar.com/,Приэльбрусье,Нарзанные источники,Кавказским Гранд-Каньоном,Джилы-Су,Плато Бермамыт,Водопад Султан,Кавказский Гранд-Каньон,,,,,,,,,,,,,,,,,,,,,,,,,,,,,,,,,,
да,1131,Пятигорск и Кисловодск за 1 день,pyatigorsk-kislovodsk-1-den,1,Кандагар,https://www.kandagar.com/,КавМинВоды,Озеро Провал,Беседка Эола,Нарзанная галерея,Пятигорск,Кисловодск,,,,,,,,,,,,,,,,,,,,,,,,,,,,,,,,,,,
да,1132,Парк Лога — сказочный парк у Каменска,park-loga-1-den,1,Парк Лога,https://amra-turistik.ru/tours/velikolepnye-vyhodnye-v-rostovskoj-oblasti-8,Ростовская область,Бесплатный вход в парк,Мини-зоопарк,Каменска-Шахтинского,Парк Лога,Парк Патриот,,,,,,,,,,,,,,,,,,,,,,,,,,,,,,,,,,,
да,1133,Беларусь: Путь Магнатов,belarus-put-magnatov-5-dnej,5,Русь,https://rt.plus/belarus/,Беларусь,Минск — Беловежская пуща,Брестская крепость,Несвижский дворец Радзивиллов,Мирский замок — ЮНЕСКО,Английский парк,Прибытие — Минск,Проспект Независимости,Площадь Победы,Экологическая тропа,Жажда,Улица Советская,Холмские ворота,,,,,,,,,,,,,,,,,,,,,,,,,,,,
да,1134,Белорусская мозаика,belorusskaya-mozaika-1-den,1,Русь,https://rt.plus/belarus/,Беларусь,Усадьба Огинского,Гервяты — «белорусский Нотр-Дам»,Росписи костёла в Солах,Прощание с родиной,Восстановленный дворец,Залесье — Сморгонь,Сморгонь,Островец,Продолжительность,,,,,,,,,,,,,,,,,,,,,,,,,,,,,,,
да,1135,Белорусские каникулы,belorusskie-kanikuly-3-dnya,3,Русь,https://rt.plus/belarus/,Беларусь,Концерт струнного квартета,Замки ЮНЕСКО,Парк «Сула» с анимацией,Гостиница с аквапарком,Верхний город,Петро-Павловская,Павловская церковь,Мирский замок,Несвижский дворец,Английский парк,Минск,Площадь Свободы,Площадь Независимости,Замки Мира,Несвижа,,,,,,,,,,,,,,,,,,,,,,,,,
да,1136,Большое путешествие в Беларусь,bolshoe-puteshestvie-v-belarus-8-dnej,8,Русь,https://rt.plus/belarus/,Беларусь,Завод БелАЗ,Хатынь и Курган Славы,Два замка ЮНЕСКО,Брестская крепость,Беловежская пуща с зубрами,Королевский Гродно,Линия Сталина,Замок Гедимина,Минск,Площадь Независимости,Проспект Независимости,В мире гигантов,Кладбище деревень,Мирский замок,Английский парк,Жажда,Улица Советская,Холмские ворота,Экологическая тропа,Каложская церковь,Лидский замок,Дудутки,Замки Мира,Несвижа,Беловежская пуща — Гродно,Гродно — Лида,,,,,,,,,,,,,,
да,1137,Вся Беларусь за 7 дней,vsya-belarus-7-dnej,7,Русь,https://rt.plus/belarus/,Вся Беларусь за,Мирский и Несвижский замки,Брестская крепость,Беловежская пуща с зубрами,Королевский Гродно,Лидский замок Гедимина,Новогрудок,Минск-Арена,Дудутки,Площадь Независимости,Площадь Европы,Проспект Независимости,Мирский замок,Английский парк,Жажда,Холмские ворота,Вольеры,Курган Адама,Каложская церковь,Прибытие в Минск,Замки Мира,Несвижа,Минск — Брест,Беловежская пуща — Гродно,Гродно — Лида,,,,,,,,,,,,,,,,
да,1138,Гранд-тур по Белой Руси,grand-tur-po-beloj-rusi-10-dnej,10,Русь,https://rt.plus/belarus/,Беларусь,Всё лучшее за 10 дней,Дудутки + БелАЗ,Хатынь + Курган Славы,Замки ЮНЕСКО,Брест + Беловежская пуща,Гродно + Лида,Линия Сталина,Музей ВОВ + Строчицы,Брестская крепость,Минск,Площадь Независимости,Проспект Независимости,Кладбище деревень,Мирский замок,Несвижский дворец,Жажда,Улица Советская,Холмские ворота,Замок Гедимина,Каложская церковь,Лидский замок,Дудутки — БелАЗ,Хатынь — Курган Славы,Замки Мира,Несвижа,Беловежская пуща — Гродно,Гродно — Лида,Музей ВОВ — Строчицы,,,,,,,,,,,,
да,1139,Дорогами Беларуси,dorogami-belarusi-3-dnya,3,Русь,https://rt.plus/belarus/,Беларусь,Мирский замок — ЮНЕСКО,Несвижский дворец Радзивиллов,Дудутки,Петро-Павловская,Площадь Свободы,Площадь Независимости,Проспект Независимости,Площадь Победы,Павловская церковь,Английский парк,Минск,Замки Мира,Несвижа,,,,,,,,,,,,,,,,,,,,,,,,,,,
да,1140,Заповедная Беларусь,zapovednaya-belarus-3-dnya,3,Русь,https://rt.plus/belarus/,Беларусь,Минск — Пинск,Беловежская пуща,Брестская крепость,Проспект Независимости,Бутримовичский дворец,Минск,Петро-Павловская,Площадь Независимости,Павловская церковь,Францисканский монастырь,Экологическая тропа,Жажда,Улица Советская,Холмские ворота,,,,,,,,,,,,,,,,,,,,,,,,,,
да,1141,Земля под белыми крыльями,zemlya-pod-belymi-krylyami-10-dnej,10,Русь,https://rt.plus/belarus/,Беларусь,Прибытие — Витебск,Ружаны — «белорусский Версаль»,Ружаны — Коссово,Пинск — Мотоль,Могилёв,Брестская крепость,Славянского базара,Успенский собор,Музей Марка,Художественный музей,Площадь Независимости,Проспект Независимости,Мирский замок,Несвижский дворец,Свято-Успенский,Крепость Святого,Успенский монастырь,Слоним — Сынковичи,Сынковичи,Жировичи,Дворец Пусловских,Набережная Пины,Жажда,Улица Советская,Францисканский монастырь,Бутримовичский дворец,Холмские ворота,Набережная Немана,Курган Мицкевича,Каложская церковь,Лидский замок,Звёздочка,Свято-Никольский,Набережная Днепра,Никольский монастырь,Витебск — Минск,Замки Мира,Несвижа,Беловежская пуща — Гродно,Гродно — Лида
да,1142,"Знакомьтесь, Беларусь!",znakomtes-belarus-3-dnya,3,Русь,https://rt.plus/belarus/,"Знакомьтесь, Беларусь",Мирский и Несвижский замки — ЮНЕСКО,Дудутки или БелАЗ на выбор,Компактный формат на выходные,Столица,Площадь Свободы,Площадь Независимости,Мирский замок,Английский парк,В мире гигантов,Минск,Замки Мира,Несвижа,,,,,,,,,,,,,,,,,,,,,,,,,,,,
да,1143,Июньские праздники в Беларуси,iyunskie-prazdniki-v-belarusi-4-dnya,4,Русь,https://rt.plus/belarus/,Беларусь,Длинные июньские выходные,Дудутки — БелАЗ,БелАЗ,Хатынь и Курган Славы,Замки ЮНЕСКО,Минск,Столица,Площадь Независимости,Набережная Свислочи,Проспект Независимости,Парк Горького,В мире гигантов,Кладбище деревень,Мирский замок,Несвижский дворец,Английский парк,Хатынь — Курган Славы,,,,,,,,,,,,,,,,,,,,,,,
да,1144,"К зубрам, замкам и БелАЗам",belarus-k-zubram-zamkam-belazam,5,Русь,https://rt.plus/belarus/,Беларусь,Зубры в Беловежской пуще,Завод БелАЗ,Брестская крепость — Клепачи,Замки ЮНЕСКО,Дудутки,Минск,Проспект Независимости,Жажда,Улица Советская,Холмские ворота,Английский парк,Мирский замок,В мире гигантов,"К зубрам, замкам",Замки Мира,Несвижа,,,,,,,,,,,,,,,,,,,,,,,,
да,1145,Чарующая Беларусь,charuyushchaya-belarus-5-dnej,5,Русь,https://rt.plus/belarus/,Беларусь,Лидский замок XIV века,Гродно — «белорусский Краков»,Органный концерт,Каложская церковь XII века,Этнографический комплекс «Коробчицы»,Замок Гедимина,Минск — Лида,Площадь Независимости,Проспект Независимости,Набережная Немана,Бернардинский монастырь,Рекомендация,Замок Лиды,Гродно — Коробчицы,Возвращение в Минск,,,,,,,,,,,,,,,,,,,,,,,,,